ts,Awdal - Baki,Awdal - Borama,Awdal - Lughaye,Awdal - Zeylac,Bakool - Ceel Barde,Bakool - Rab Dhuure,Bakool - Tayeeglow,Bakool - Waajid,Bakool - Xudur,Banadir - Banadir,Bari - Bandarbeyla,Bari - Bossaso,Bari - Caluula,Bari - Iskushuban,Bari - Qandala,Bari - Qardho,Bay - Baidoa,Bay - Buur Hakaba,Bay - Diinsoor,Bay - Qansax Dheere,Galgaduud - Cabudwaaq,Galgaduud - Cadaado,Galgaduud - Dhuusamarreeb,Gedo - Baardheere,Gedo - Belet Xaawo,Gedo - Ceel Waaq,Gedo - Doolow,Gedo - Garbahaarey,Gedo - Luuq,Hiraan - Belet Weyne,Hiraan - Bulo Burto,Hiraan - Jalalaqsi,Lower Juba - Afmadow,Lower Juba - Badhaadhe,Lower Juba - Jamaame,Lower Juba - Kismayo,Lower Shabelle - Afgooye,Lower Shabelle - Baraawe,Lower Shabelle - Kurtunwaarey,Lower Shabelle - Marka,Lower Shabelle - Qoryooley,Lower Shabelle - Sablaale,Lower Shabelle - Wanla Weyn,Middle Juba - Bu'aale,Middle Juba - Jilib,Middle Juba - Saakow,Middle Shabelle - Balcad,Middle Shabelle - Cadale,Middle Shabelle - Jowhar,Mudug - Gaalkacyo,Mudug - Galdogob,Mudug - Hobyo,Mudug - Jariiban,Mudug - Xarardheere,Nugaal - Burtinle,Nugaal - Eyl,Nugaal - Garoowe,Nugaal - Qardho,Sanaag - Badhan,Sanaag - Ceel Afweyn,Sanaag - Ceerigaabo,Sanaag - Dhahar,Sanaag - Laasqoray,Sanaag - Lasqoray,Sool - Caynabo,Sool - Laas Caanood,Sool - Taleex,Sool - Xudun,Togdheer - Burco,Togdheer - Buuhoodle,Togdheer - Owdweyne,Togdheer - Sheikh,Woqooyi Galbeed - Berbera,Woqooyi Galbeed - Gebiley,Woqooyi Galbeed - Hargeysa
2016-01-03,0.0,0.0,0.0,0.0,0.0,0.0,0.0,0.0,0.0,0.0,0.0,0.0,0.0,0.0,0.0,0.0,11.0,0.0,0.0,0.0,0.0,0.0,0.0,0.0,0.0,0.0,0.0,0.0,0.0,0.0,0.0,0.0,0.0,0.0,0.0,0.0,0.0,0.0,0.0,0.0,0.0,0.0,0.0,0.0,0.0,23.0,0.0,0.0,0.0,18.0,0.0,0.0,0.0,0.0,0.0,0.0,0.0,0.0,0.0,0.0,0.0,0.0,0.0,0.0,0.0,0.0,0.0,0.0,0.0,0.0,0.0,0.0,0.0,0.0,34.0
2016-01-10,0.0,28.0,0.0,0.0,0.0,0.0,0.0,0.0,0.0,0.0,0.0,0.0,0.0,0.0,0.0,6.0,51.0,0.0,0.0,0.0,0.0,0.0,0.0,0.0,0.0,0.0,0.0,0.0,0.0,0.0,0.0,0.0,0.0,0.0,0.0,0.0,0.0,0.0,0.0,0.0,0.0,0.0,0.0,0.0,124.0,107.0,0.0,0.0,0.0,274.0,0.0,0.0,0.0,0.0,0.0,0.0,0.0,0.0,0.0,0.0,0.0,0.0,0.0,0.0,0.0,0.0,0.0,0.0,0.0,0.0,0.0,0.0,21.0,0.0,34.0
2016-01-17,0.0,29.0,0.0,0.0,0.0,0.0,0.0,0.0,0.0,0.0,0.0,0.0,0.0,0.0,0.0,5.0,36.0,0.0,0.0,0.0,0.0,0.0,0.0,0.0,0.0,0.0,0.0,0.0,0.0,0.0,0.0,0.0,0.0,0.0,0.0,10.0,0.0,0.0,0.0,0.0,0.0,0.0,0.0,126.0,0.0,21.0,0.0,0.0,0.0,58.0,0.0,0.0,0.0,0.0,0.0,0.0,0.0,0.0,0.0,0.0,0.0,0.0,0.0,0.0,0.0,0.0,0.0,0.0,0.0,0.0,0.0,0.0,18.0,0.0,54.0
2016-01-24,0.0,6.0,0.0,0.0,0.0,0.0,0.0,0.0,0.0,0.0,0.0,5.0,0.0,0.0,0.0,0.0,7.0,0.0,0.0,0.0,0.0,0.0,0.0,0.0,0.0,0.0,0.0,0.0,0.0,0.0,0.0,0.0,0.0,0.0,0.0,0.0,0.0,0.0,0.0,0.0,0.0,0.0,0.0,0.0,0.0,0.0,0.0,0.0,0.0,448.0,0.0,0.0,0.0,0.0,0.0,0.0,0.0,0.0,0.0,0.0,0.0,0.0,0.0,0.0,0.0,0.0,0.0,0.0,0.0,0.0,0.0,0.0,7.0,0.0,70.0
2016-01-31,0.0,26.0,0.0,0.0,0.0,0.0,0.0,0.0,0.0,0.0,0.0,11.0,0.0,0.0,0.0,4.0,9.0,0.0,0.0,0.0,0.0,0.0,0.0,0.0,0.0,0.0,0.0,0.0,10.0,0.0,0.0,0.0,0.0,0.0,0.0,0.0,0.0,0.0,0.0,0.0,0.0,0.0,0.0,0.0,41.0,24.0,0.0,0.0,0.0,1589.0,0.0,0.0,0.0,0.0,0.0,0.0,0.0,0.0,0.0,0.0,0.0,0.0,0.0,0.0,0.0,0.0,0.0,0.0,0.0,0.0,0.0,0.0,17.0,0.0,65.0
2016-02-07,0.0,14.0,0.0,0.0,0.0,0.0,0.0,0.0,0.0,108.0,0.0,35.0,0.0,0.0,0.0,21.0,0.0,0.0,0.0,0.0,0.0,0.0,0.0,0.0,0.0,0.0,0.0,0.0,4.0,0.0,0.0,0.0,0.0,0.0,0.0,5.0,0.0,0.0,0.0,0.0,0.0,0.0,0.0,0.0,0.0,0.0,0.0,0.0,0.0,13.0,0.0,0.0,0.0,0.0,0.0,0.0,0.0,0.0,0.0,0.0,0.0,0.0,0.0,0.0,0.0,45.0,0.0,0.0,0.0,0.0,0.0,0.0,29.0,0.0,47.0
2016-02-14,0.0,31.0,0.0,0.0,0.0,0.0,0.0,0.0,0.0,0.0,0.0,14.0,0.0,0.0,0.0,0.0,13.0,0.0,0.0,0.0,0.0,0.0,0.0,0.0,0.0,0.0,0.0,0.0,0.0,0.0,0.0,0.0,0.0,0.0,0.0,0.0,0.0,0.0,0.0,0.0,0.0,0.0,0.0,0.0,0.0,0.0,0.0,0.0,0.0,98.0,0.0,0.0,0.0,0.0,0.0,0.0,0.0,0.0,0.0,0.0,0.0,0.0,0.0,0.0,0.0,0.0,0.0,0.0,0.0,0.0,0.0,0.0,20.0,0.0,57.0
2016-02-21,0.0,18.0,0.0,0.0,0.0,17.0,0.0,100.0,0.0,20.0,0.0,12.0,0.0,0.0,0.0,8.0,28.0,0.0,0.0,0.0,0.0,0.0,0.0,0.0,0.0,0.0,44.0,0.0,18.0,0.0,0.0,0.0,0.0,0.0,0.0,0.0,0.0,0.0,0.0,0.0,0.0,0.0,0.0,0.0,0.0,100.0,0.0,0.0,0.0,104.0,0.0,0.0,0.0,0.0,0.0,0.0,0.0,0.0,0.0,0.0,0.0,0.0,0.0,0.0,0.0,120.0,0.0,0.0,0.0,0.0,0.0,0.0,14.0,0.0,67.0
2016-02-28,0.0,20.0,0.0,0.0,0.0,0.0,0.0,0.0,0.0,7.0,0.0,16.0,0.0,0.0,0.0,13.0,67.0,0.0,0.0,0.0,0.0,0.0,0.0,0.0,0.0,0.0,29.0,0.0,26.0,0.0,0.0,0.0,0.0,0.0,0.0,0.0,0.0,0.0,0.0,0.0,0.0,0.0,0.0,0.0,0.0,0.0,0.0,0.0,0.0,49.0,0.0,0.0,0.0,0.0,0.0,0.0,0.0,0.0,0.0,0.0,0.0,0.0,0.0,0.0,0.0,0.0,0.0,0.0,0.0,0.0,0.0,0.0,12.0,0.0,83.0
2016-03-06,0.0,6.0,0.0,0.0,0.0,50.0,0.0,0.0,0.0,0.0,0.0,24.0,0.0,0.0,0.0,48.0,5.0,0.0,0.0,0.0,0.0,0.0,0.0,0.0,0.0,0.0,53.0,0.0,6.0,0.0,0.0,0.0,0.0,0.0,0.0,0.0,0.0,0.0,25.0,0.0,4.0,0.0,0.0,0.0,120.0,25.0,0.0,0.0,0.0,43.0,0.0,0.0,0.0,0.0,0.0,0.0,0.0,0.0,0.0,0.0,0.0,0.0,0.0,0.0,0.0,17.0,0.0,0.0,0.0,0.0,0.0,0.0,5.0,0.0,77.0
2016-03-13,0.0,0.0,0.0,0.0,8.0,0.0,0.0,0.0,0.0,0.0,0.0,21.0,0.0,0.0,0.0,7.0,18.0,0.0,0.0,0.0,0.0,0.0,0.0,0.0,0.0,0.0,0.0,0.0,26.0,0.0,0.0,0.0,0.0,0.0,0.0,0.0,0.0,0.0,0.0,0.0,0.0,0.0,0.0,0.0,0.0,0.0,0.0,0.0,0.0,46.0,0.0,0.0,0.0,0.0,0.0,0.0,0.0,0.0,0.0,0.0,0.0,0.0,0.0,0.0,0.0,0.0,0.0,0.0,0.0,0.0,0.0,0.0,17.0,7.0,66.0
2016-03-20,0.0,24.0,0.0,0.0,770.0,367.0,0.0,0.0,0.0,0.0,0.0,17.0,0.0,0.0,0.0,7.0,0.0,0.0,0.0,0.0,0.0,0.0,0.0,0.0,0.0,0.0,12.0,0.0,0.0,0.0,0.0,0.0,0.0,0.0,0.0,0.0,0.0,0.0,0.0,0.0,0.0,0.0,0.0,0.0,23.0,0.0,0.0,0.0,0.0,10.0,0.0,0.0,0.0,0.0,0.0,0.0,0.0,0.0,0.0,0.0,0.0,0.0,0.0,0.0,0.0,0.0,0.0,0.0,0.0,0.0,0.0,0.0,24.0,17.0,125.0
2016-03-27,0.0,23.0,0.0,0.0,0.0,145.0,0.0,0.0,0.0,47.0,0.0,15.0,0.0,0.0,0.0,42.0,14.0,0.0,0.0,0.0,0.0,0.0,0.0,0.0,0.0,0.0,44.0,0.0,0.0,0.0,0.0,0.0,0.0,0.0,0.0,5.0,0.0,0.0,0.0,12.0,0.0,0.0,0.0,0.0,0.0,0.0,453.0,0.0,0.0,69.0,0.0,0.0,0.0,0.0,0.0,0.0,0.0,0.0,0.0,0.0,0.0,0.0,0.0,0.0,0.0,100.0,0.0,0.0,0.0,0.0,0.0,0.0,11.0,14.0,71.0
2016-04-03,0.0,31.0,0.0,0.0,0.0,100.0,35.0,6.0,0.0,634.0,0.0,10.0,0.0,0.0,0.0,37.0,23.0,12.0,0.0,0.0,0.0,0.0,0.0,0.0,0.0,0.0,0.0,0.0,0.0,33.0,0.0,0.0,0.0,0.0,0.0,7.0,0.0,0.0,0.0,9.0,1380.0,0.0,0.0,0.0,0.0,25.0,0.0,0.0,0.0,240.0,0.0,0.0,0.0,0.0,0.0,0.0,0.0,0.0,0.0,0.0,0.0,0.0,0.0,0.0,0.0,152.0,0.0,0.0,0.0,0.0,0.0,0.0,19.0,7.0,119.0
2016-04-10,0.0,34.0,19.0,0.0,0.0,0.0,0.0,0.0,0.0,12.0,0.0,46.0,0.0,0.0,0.0,29.0,30.0,0.0,0.0,0.0,0.0,0.0,0.0,0.0,9.0,0.0,11.0,0.0,0.0,0.0,0.0,0.0,0.0,0.0,0.0,0.0,19.0,0.0,0.0,0.0,0.0,0.0,0.0,0.0,0.0,125.0,0.0,0.0,0.0,8.0,0.0,0.0,0.0,0.0,0.0,0.0,0.0,0.0,0.0,0.0,0.0,0.0,0.0,0.0,0.0,119.0,20.0,0.0,0.0,0.0,0.0,0.0,0.0,0.0,67.0
2016-04-17,0.0,43.0,0.0,0.0,0.0,0.0,37.0,24.0,0.0,0.0,0.0,25.0,0.0,0.0,0.0,12.0,84.0,0.0,0.0,0.0,0.0,0.0,0.0,0.0,0.0,0.0,0.0,0.0,0.0,0.0,0.0,0.0,0.0,0.0,0.0,0.0,0.0,0.0,0.0,0.0,0.0,0.0,0.0,0.0,0.0,0.0,0.0,0.0,0.0,30.0,0.0,0.0,0.0,0.0,0.0,0.0,0.0,0.0,0.0,0.0,0.0,0.0,0.0,0.0,0.0,13.0,0.0,0.0,0.0,0.0,0.0,0.0,0.0,6.0,88.0
2016-04-24,0.0,7.0,13.0,0.0,230.0,39.0,0.0,25.0,0.0,3.0,0.0,10.0,0.0,0.0,0.0,9.0,41.0,0.0,0.0,0.0,0.0,0.0,0.0,0.0,0.0,0.0,0.0,0.0,0.0,0.0,0.0,0.0,0.0,0.0,0.0,0.0,0.0,0.0,0.0,0.0,0.0,0.0,0.0,0.0,200.0,0.0,0.0,0.0,0.0,42.0,0.0,0.0,0.0,0.0,0.0,0.0,0.0,0.0,0.0,0.0,0.0,0.0,0.0,0.0,0.0,79.0,0.0,0.0,0.0,0.0,0.0,0.0,0.0,0.0,27.0
2016-05-01,0.0,36.0,0.0,0.0,0.0,0.0,0.0,0.0,0.0,0.0,0.0,11.0,0.0,0.0,0.0,19.0,0.0,0.0,0.0,0.0,0.0,0.0,0.0,0.0,0.0,0.0,0.0,0.0,0.0,0.0,0.0,0.0,0.0,0.0,0.0,0.0,0.0,0.0,0.0,0.0,0.0,0.0,0.0,0.0,0.0,0.0,0.0,0.0,0.0,13.0,0.0,0.0,0.0,0.0,0.0,0.0,0.0,0.0,0.0,0.0,0.0,0.0,0.0,0.0,0.0,95.0,0.0,0.0,0.0,0.0,0.0,0.0,5.0,0.0,46.0
2016-05-08,0.0,46.0,0.0,0.0,0.0,0.0,0.0,0.0,0.0,261.0,0.0,33.0,0.0,0.0,0.0,3.0,0.0,0.0,0.0,0.0,0.0,0.0,0.0,0.0,0.0,0.0,0.0,0.0,0.0,0.0,0.0,0.0,0.0,0.0,0.0,0.0,0.0,0.0,0.0,0.0,0.0,0.0,0.0,0.0,0.0,0.0,0.0,0.0,0.0,41.0,0.0,0.0,0.0,0.0,0.0,0.0,0.0,0.0,0.0,0.0,0.0,0.0,0.0,0.0,0.0,44.0,0.0,0.0,0.0,0.0,0.0,0.0,0.0,0.0,71.0
2016-05-15,0.0,15.0,0.0,0.0,120.0,0.0,0.0,0.0,0.0,0.0,0.0,16.0,0.0,0.0,0.0,19.0,6.0,0.0,0.0,0.0,0.0,0.0,7.0,0.0,0.0,0.0,0.0,0.0,0.0,0.0,0.0,0.0,0.0,0.0,0.0,0.0,146.0,0.0,0.0,0.0,0.0,0.0,0.0,0.0,0.0,0.0,0.0,0.0,0.0,17.0,0.0,0.0,0.0,0.0,0.0,0.0,0.0,0.0,0.0,0.0,0.0,0.0,0.0,0.0,0.0,59.0,0.0,0.0,0.0,0.0,0.0,0.0,0.0,0.0,65.0
2016-05-22,0.0,11.0,0.0,0.0,0.0,0.0,0.0,0.0,0.0,15.0,0.0,4.0,0.0,0.0,0.0,6.0,28.0,0.0,0.0,4.0,0.0,0.0,0.0,0.0,0.0,0.0,0.0,0.0,0.0,0.0,0.0,0.0,0.0,0.0,0.0,0.0,0.0,0.0,0.0,0.0,0.0,0.0,0.0,0.0,0.0,0.0,0.0,0.0,0.0,178.0,0.0,0.0,0.0,0.0,0.0,0.0,0.0,0.0,0.0,0.0,0.0,0.0,0.0,0.0,0.0,31.0,300.0,0.0,0.0,0.0,0.0,0.0,0.0,0.0,59.0
2016-05-29,0.0,21.0,0.0,0.0,0.0,0.0,0.0,0.0,0.0,11.0,0.0,18.0,0.0,0.0,0.0,7.0,0.0,0.0,0.0,0.0,0.0,8.0,157.0,0.0,0.0,0.0,0.0,0.0,0.0,0.0,0.0,0.0,0.0,0.0,0.0,0.0,0.0,0.0,0.0,0.0,0.0,0.0,0.0,0.0,0.0,0.0,0.0,0.0,0.0,22.0,0.0,0.0,0.0,0.0,0.0,0.0,0.0,0.0,0.0,0.0,0.0,0.0,0.0,0.0,0.0,24.0,0.0,0.0,0.0,0.0,0.0,0.0,0.0,0.0,57.0
2016-06-05,0.0,29.0,0.0,0.0,0.0,0.0,0.0,0.0,0.0,133.0,0.0,0.0,0.0,0.0,0.0,31.0,29.0,0.0,0.0,0.0,10.0,0.0,0.0,0.0,0.0,0.0,0.0,0.0,0.0,0.0,0.0,0.0,0.0,0.0,0.0,4.0,0.0,0.0,14.0,0.0,0.0,0.0,0.0,0.0,0.0,0.0,0.0,0.0,0.0,133.0,0.0,0.0,0.0,0.0,0.0,0.0,0.0,0.0,0.0,0.0,0.0,0.0,0.0,0.0,0.0,39.0,0.0,0.0,0.0,0.0,0.0,0.0,0.0,0.0,36.0
2016-06-12,0.0,19.0,0.0,0.0,0.0,0.0,42.0,0.0,0.0,38.0,0.0,0.0,0.0,0.0,0.0,0.0,59.0,0.0,0.0,0.0,0.0,0.0,0.0,0.0,0.0,0.0,0.0,0.0,0.0,0.0,0.0,0.0,0.0,0.0,0.0,0.0,0.0,0.0,22.0,0.0,0.0,0.0,0.0,0.0,140.0,0.0,0.0,0.0,0.0,40.0,0.0,0.0,0.0,0.0,0.0,0.0,0.0,0.0,0.0,0.0,0.0,0.0,0.0,0.0,0.0,53.0,0.0,0.0,0.0,0.0,0.0,0.0,0.0,0.0,63.0
2016-06-19,0.0,29.0,0.0,0.0,0.0,0.0,59.0,40.0,0.0,61.0,0.0,15.0,0.0,0.0,0.0,86.0,25.0,0.0,0.0,0.0,0.0,0.0,0.0,0.0,0.0,0.0,0.0,0.0,0.0,0.0,0.0,0.0,0.0,0.0,0.0,0.0,0.0,0.0,0.0,0.0,0.0,0.0,0.0,0.0,0.0,0.0,0.0,0.0,0.0,14.0,0.0,0.0,0.0,0.0,0.0,0.0,0.0,0.0,0.0,0.0,0.0,0.0,0.0,0.0,0.0,19.0,0.0,0.0,0.0,0.0,0.0,0.0,0.0,0.0,58.0
2016-06-26,0.0,14.0,0.0,0.0,0.0,38.0,0.0,0.0,0.0,11.0,0.0,21.0,0.0,0.0,0.0,24.0,0.0,0.0,0.0,0.0,11.0,0.0,35.0,0.0,0.0,0.0,0.0,0.0,45.0,0.0,0.0,0.0,0.0,0.0,0.0,18.0,6.0,0.0,0.0,0.0,0.0,0.0,0.0,0.0,0.0,0.0,0.0,0.0,0.0,5.0,0.0,0.0,0.0,0.0,0.0,0.0,0.0,0.0,0.0,0.0,0.0,0.0,0.0,0.0,0.0,9.0,0.0,0.0,0.0,0.0,0.0,0.0,0.0,0.0,42.0
2016-07-03,0.0,0.0,0.0,0.0,0.0,276.0,0.0,0.0,0.0,6.0,0.0,0.0,0.0,0.0,0.0,3.0,0.0,0.0,0.0,0.0,0.0,0.0,0.0,0.0,0.0,0.0,0.0,0.0,0.0,0.0,0.0,0.0,0.0,0.0,0.0,0.0,0.0,0.0,0.0,0.0,0.0,0.0,0.0,134.0,21.0,0.0,0.0,0.0,0.0,0.0,0.0,0.0,0.0,0.0,0.0,0.0,0.0,0.0,0.0,0.0,0.0,0.0,0.0,0.0,0.0,0.0,0.0,0.0,0.0,0.0,0.0,0.0,0.0,0.0,47.0
2016-07-10,0.0,31.0,0.0,0.0,0.0,0.0,0.0,0.0,0.0,0.0,0.0,0.0,0.0,0.0,0.0,6.0,0.0,0.0,0.0,0.0,0.0,0.0,0.0,0.0,0.0,0.0,0.0,0.0,0.0,0.0,0.0,0.0,0.0,0.0,0.0,0.0,5.0,0.0,0.0,0.0,0.0,0.0,0.0,0.0,0.0,0.0,131.0,0.0,0.0,0.0,0.0,0.0,0.0,0.0,0.0,0.0,0.0,0.0,0.0,0.0,0.0,0.0,0.0,0.0,0.0,0.0,0.0,0.0,0.0,0.0,0.0,0.0,0.0,0.0,32.0
2016-07-17,0.0,57.0,0.0,0.0,0.0,0.0,62.0,34.0,0.0,65.0,0.0,0.0,0.0,0.0,0.0,24.0,13.0,0.0,0.0,0.0,0.0,0.0,0.0,0.0,0.0,0.0,0.0,0.0,183.0,0.0,0.0,0.0,0.0,0.0,0.0,0.0,0.0,0.0,0.0,0.0,0.0,0.0,0.0,0.0,180.0,19.0,0.0,0.0,0.0,20.0,0.0,0.0,0.0,0.0,0.0,0.0,0.0,0.0,0.0,0.0,0.0,0.0,0.0,0.0,0.0,6.0,0.0,0.0,0.0,0.0,0.0,0.0,6.0,0.0,73.0
2016-07-24,0.0,36.0,0.0,0.0,0.0,0.0,0.0,0.0,0.0,0.0,0.0,16.0,0.0,0.0,0.0,18.0,17.0,0.0,0.0,0.0,0.0,0.0,0.0,0.0,0.0,0.0,7.0,0.0,152.0,0.0,0.0,0.0,0.0,0.0,0.0,50.0,0.0,0.0,0.0,0.0,0.0,0.0,0.0,0.0,0.0,27.0,0.0,0.0,0.0,10.0,0.0,0.0,0.0,0.0,0.0,0.0,0.0,0.0,0.0,0.0,0.0,0.0,0.0,0.0,0.0,23.0,0.0,0.0,0.0,0.0,0.0,0.0,0.0,0.0,78.0
2016-07-31,0.0,39.0,0.0,0.0,0.0,0.0,0.0,0.0,0.0,250.0,0.0,0.0,0.0,0.0,0.0,11.0,0.0,0.0,0.0,0.0,0.0,0.0,0.0,0.0,0.0,0.0,20.0,0.0,15.0,0.0,0.0,0.0,0.0,0.0,0.0,0.0,0.0,0.0,0.0,0.0,0.0,0.0,0.0,0.0,11.0,38.0,0.0,0.0,0.0,98.0,0.0,0.0,0.0,0.0,0.0,0.0,0.0,0.0,0.0,0.0,0.0,0.0,0.0,0.0,0.0,20.0,0.0,0.0,0.0,0.0,0.0,0.0,0.0,0.0,58.0
2016-08-07,0.0,31.0,0.0,0.0,0.0,0.0,0.0,0.0,0.0,0.0,0.0,0.0,0.0,0.0,0.0,18.0,29.0,0.0,0.0,0.0,0.0,0.0,0.0,0.0,0.0,0.0,55.0,0.0,0.0,0.0,0.0,0.0,0.0,0.0,0.0,0.0,0.0,0.0,0.0,0.0,0.0,0.0,0.0,20.0,0.0,0.0,0.0,0.0,0.0,21.0,0.0,0.0,0.0,0.0,0.0,0.0,0.0,0.0,0.0,0.0,0.0,0.0,0.0,0.0,0.0,0.0,0.0,0.0,0.0,0.0,0.0,0.0,0.0,0.0,77.0
2016-08-14,0.0,7.0,0.0,0.0,0.0,200.0,7.0,13.0,0.0,47.0,0.0,11.0,0.0,0.0,0.0,0.0,137.0,0.0,0.0,0.0,0.0,0.0,0.0,0.0,0.0,0.0,27.0,0.0,13.0,0.0,0.0,0.0,0.0,0.0,0.0,0.0,0.0,0.0,0.0,0.0,0.0,0.0,0.0,0.0,0.0,33.0,0.0,0.0,0.0,26.0,0.0,0.0,0.0,0.0,0.0,0.0,0.0,0.0,0.0,0.0,0.0,0.0,0.0,0.0,0.0,0.0,0.0,0.0,0.0,0.0,0.0,0.0,0.0,0.0,36.0
2016-08-21,0.0,16.0,0.0,0.0,0.0,12.0,0.0,0.0,0.0,42.0,0.0,43.0,0.0,0.0,0.0,18.0,4.0,0.0,0.0,0.0,0.0,0.0,0.0,0.0,0.0,0.0,27.0,0.0,100.0,0.0,0.0,0.0,0.0,0.0,0.0,0.0,0.0,0.0,0.0,0.0,0.0,0.0,0.0,0.0,0.0,129.0,0.0,0.0,0.0,6.0,0.0,0.0,0.0,0.0,0.0,0.0,0.0,0.0,0.0,0.0,0.0,0.0,0.0,0.0,0.0,23.0,0.0,0.0,0.0,0.0,0.0,0.0,0.0,0.0,66.0
2016-08-28,0.0,14.0,0.0,0.0,0.0,0.0,0.0,0.0,0.0,72.0,0.0,12.0,0.0,0.0,0.0,9.0,10.0,0.0,0.0,0.0,0.0,0.0,0.0,0.0,0.0,0.0,59.0,0.0,0.0,0.0,0.0,0.0,0.0,0.0,0.0,23.0,19.0,0.0,0.0,0.0,0.0,0.0,0.0,0.0,0.0,40.0,0.0,0.0,0.0,10.0,0.0,0.0,0.0,0.0,0.0,0.0,0.0,0.0,0.0,0.0,0.0,0.0,0.0,0.0,0.0,14.0,0.0,0.0,0.0,0.0,0.0,0.0,0.0,0.0,65.0
2016-09-04,0.0,0.0,0.0,0.0,0.0,0.0,0.0,0.0,0.0,80.0,0.0,0.0,0.0,0.0,0.0,27.0,0.0,0.0,0.0,0.0,0.0,0.0,130.0,0.0,0.0,0.0,89.0,0.0,0.0,74.0,0.0,0.0,0.0,0.0,0.0,0.0,9.0,0.0,0.0,0.0,0.0,0.0,0.0,0.0,0.0,19.0,0.0,0.0,0.0,4.0,0.0,0.0,0.0,0.0,0.0,0.0,0.0,0.0,0.0,0.0,0.0,0.0,0.0,0.0,0.0,51.0,0.0,0.0,0.0,0.0,0.0,0.0,0.0,0.0,28.0
2016-09-11,0.0,5.0,0.0,0.0,0.0,10.0,0.0,18.0,0.0,0.0,0.0,0.0,0.0,0.0,0.0,3.0,8.0,0.0,0.0,0.0,0.0,0.0,0.0,0.0,0.0,0.0,66.0,0.0,0.0,14.0,0.0,0.0,0.0,0.0,0.0,18.0,0.0,0.0,0.0,0.0,0.0,0.0,0.0,0.0,0.0,16.0,0.0,0.0,0.0,24.0,0.0,0.0,0.0,0.0,0.0,0.0,0.0,0.0,0.0,0.0,0.0,0.0,0.0,0.0,0.0,0.0,0.0,0.0,0.0,0.0,0.0,0.0,0.0,0.0,49.0
2016-09-18,0.0,18.0,0.0,0.0,0.0,0.0,0.0,0.0,0.0,19.0,0.0,31.0,0.0,0.0,0.0,9.0,15.0,0.0,0.0,0.0,0.0,0.0,0.0,0.0,0.0,0.0,0.0,0.0,0.0,0.0,0.0,0.0,0.0,0.0,0.0,0.0,0.0,0.0,0.0,0.0,0.0,0.0,0.0,21.0,0.0,22.0,0.0,0.0,0.0,61.0,0.0,0.0,0.0,0.0,0.0,0.0,0.0,0.0,0.0,0.0,0.0,0.0,0.0,0.0,13.0,158.0,0.0,0.0,0.0,7.0,0.0,0.0,0.0,0.0,21.0
2016-09-25,0.0,34.0,0.0,0.0,0.0,9.0,23.0,0.0,0.0,14.0,0.0,17.0,0.0,0.0,0.0,15.0,18.0,0.0,0.0,0.0,0.0,0.0,0.0,0.0,0.0,0.0,0.0,0.0,0.0,0.0,0.0,0.0,0.0,0.0,0.0,0.0,0.0,0.0,0.0,0.0,0.0,0.0,0.0,0.0,0.0,10.0,0.0,0.0,0.0,40.0,0.0,0.0,0.0,0.0,0.0,0.0,0.0,0.0,0.0,0.0,0.0,0.0,0.0,0.0,0.0,23.0,0.0,0.0,0.0,0.0,0.0,0.0,0.0,0.0,59.0
2016-10-02,0.0,32.0,0.0,0.0,0.0,0.0,0.0,0.0,0.0,29.0,0.0,49.0,0.0,0.0,0.0,3.0,7.0,0.0,0.0,0.0,0.0,0.0,0.0,0.0,0.0,0.0,4.0,0.0,0.0,0.0,0.0,0.0,0.0,0.0,0.0,31.0,0.0,0.0,0.0,0.0,0.0,0.0,0.0,0.0,0.0,59.0,0.0,0.0,0.0,0.0,0.0,0.0,0.0,0.0,0.0,0.0,0.0,0.0,0.0,0.0,0.0,0.0,0.0,0.0,0.0,8.0,0.0,7.0,0.0,0.0,0.0,0.0,0.0,0.0,29.0
2016-10-09,0.0,27.0,0.0,0.0,0.0,0.0,0.0,0.0,0.0,6.0,0.0,64.0,0.0,0.0,0.0,18.0,8.0,0.0,0.0,0.0,0.0,0.0,0.0,0.0,0.0,0.0,0.0,0.0,0.0,0.0,0.0,0.0,0.0,0.0,0.0,4.0,5.0,0.0,0.0,0.0,0.0,0.0,0.0,0.0,0.0,10.0,0.0,0.0,0.0,18.0,0.0,0.0,0.0,0.0,0.0,0.0,0.0,0.0,0.0,0.0,0.0,0.0,0.0,0.0,0.0,0.0,0.0,0.0,0.0,0.0,0.0,0.0,6.0,0.0,55.0
2016-10-16,0.0,6.0,0.0,0.0,0.0,0.0,9.0,0.0,0.0,249.0,0.0,11.0,0.0,0.0,0.0,19.0,7.0,0.0,12.0,0.0,0.0,0.0,0.0,0.0,0.0,0.0,0.0,0.0,0.0,0.0,0.0,0.0,0.0,0.0,0.0,0.0,0.0,7.0,0.0,0.0,0.0,0.0,0.0,0.0,56.0,22.0,0.0,0.0,0.0,0.0,0.0,0.0,0.0,0.0,0.0,0.0,0.0,0.0,0.0,0.0,0.0,0.0,0.0,0.0,0.0,0.0,0.0,0.0,0.0,0.0,0.0,0.0,0.0,0.0,55.0
2016-10-23,0.0,0.0,0.0,0.0,0.0,0.0,0.0,0.0,0.0,49.0,0.0,23.0,0.0,0.0,0.0,11.0,24.0,0.0,0.0,0.0,0.0,0.0,0.0,127.0,0.0,0.0,0.0,0.0,0.0,0.0,0.0,0.0,0.0,0.0,0.0,0.0,0.0,0.0,0.0,0.0,0.0,0.0,0.0,0.0,0.0,0.0,0.0,0.0,205.0,24.0,0.0,0.0,0.0,0.0,0.0,0.0,0.0,0.0,0.0,0.0,0.0,0.0,0.0,0.0,0.0,0.0,0.0,0.0,0.0,0.0,0.0,0.0,7.0,0.0,16.0
2016-10-30,0.0,4.0,0.0,0.0,0.0,0.0,0.0,0.0,0.0,20.0,0.0,0.0,0.0,0.0,0.0,0.0,0.0,0.0,0.0,0.0,0.0,0.0,0.0,21.0,0.0,0.0,0.0,0.0,0.0,0.0,0.0,0.0,0.0,0.0,0.0,0.0,0.0,0.0,0.0,0.0,0.0,0.0,0.0,0.0,0.0,11.0,0.0,0.0,0.0,690.0,0.0,0.0,0.0,0.0,0.0,0.0,0.0,0.0,0.0,0.0,0.0,0.0,0.0,0.0,0.0,0.0,0.0,0.0,0.0,0.0,0.0,0.0,0.0,0.0,22.0
2016-11-06,0.0,7.0,0.0,0.0,0.0,0.0,0.0,0.0,0.0,0.0,0.0,15.0,0.0,0.0,0.0,15.0,16.0,0.0,0.0,0.0,0.0,0.0,0.0,0.0,0.0,0.0,5.0,0.0,0.0,17400.0,0.0,0.0,0.0,0.0,0.0,4.0,19.0,0.0,0.0,0.0,0.0,0.0,0.0,0.0,114.0,0.0,0.0,0.0,0.0,21150.0,0.0,0.0,0.0,0.0,0.0,0.0,0.0,0.0,0.0,0.0,0.0,0.0,0.0,0.0,0.0,0.0,0.0,0.0,0.0,0.0,0.0,0.0,0.0,0.0,27.0
2016-11-13,0.0,7.0,0.0,0.0,0.0,0.0,0.0,0.0,0.0,0.0,0.0,35.0,0.0,0.0,0.0,10.0,33.0,0.0,0.0,0.0,0.0,0.0,0.0,0.0,0.0,0.0,0.0,0.0,0.0,0.0,0.0,0.0,0.0,0.0,0.0,161.0,13.0,0.0,0.0,0.0,37.0,0.0,0.0,0.0,108.0,12.0,0.0,0.0,0.0,1061.0,0.0,0.0,0.0,0.0,0.0,0.0,0.0,0.0,0.0,0.0,0.0,0.0,0.0,0.0,0.0,68.0,0.0,0.0,0.0,0.0,0.0,0.0,9.0,9.0,50.0
2016-11-20,0.0,393.0,0.0,0.0,0.0,0.0,224.0,8.0,0.0,5.0,0.0,34.0,0.0,0.0,0.0,20.0,48.0,0.0,0.0,0.0,0.0,0.0,0.0,112.0,0.0,0.0,0.0,0.0,718.0,0.0,0.0,0.0,0.0,0.0,0.0,0.0,6.0,0.0,0.0,0.0,62.0,0.0,0.0,0.0,34.0,11.0,0.0,0.0,149.0,2947.0,0.0,0.0,0.0,0.0,0.0,0.0,0.0,0.0,0.0,0.0,0.0,0.0,0.0,0.0,0.0,73.0,0.0,0.0,0.0,0.0,0.0,0.0,0.0,6.0,51.0
2016-11-27,0.0,51.0,0.0,0.0,0.0,19.0,0.0,0.0,0.0,14.0,0.0,22.0,7.0,0.0,0.0,32.0,38.0,0.0,0.0,0.0,0.0,0.0,0.0,0.0,10.0,0.0,80.0,0.0,0.0,0.0,0.0,0.0,0.0,0.0,0.0,26.0,0.0,0.0,0.0,0.0,0.0,0.0,0.0,0.0,115.0,19.0,0.0,0.0,0.0,20893.0,0.0,0.0,0.0,0.0,0.0,0.0,0.0,0.0,0.0,0.0,0.0,0.0,0.0,0.0,5.0,72.0,0.0,0.0,0.0,59.0,0.0,0.0,0.0,0.0,49.0
2016-12-04,0.0,14.0,0.0,0.0,0.0,0.0,39.0,0.0,10.0,458.0,0.0,6.0,0.0,0.0,0.0,19.0,38.0,0.0,0.0,0.0,0.0,0.0,0.0,0.0,23.0,0.0,0.0,0.0,0.0,0.0,0.0,0.0,0.0,0.0,0.0,5.0,0.0,0.0,0.0,0.0,0.0,0.0,0.0,21.0,20.0,16.0,0.0,0.0,0.0,10165.0,0.0,0.0,0.0,0.0,0.0,0.0,0.0,0.0,0.0,0.0,0.0,0.0,0.0,0.0,0.0,34.0,0.0,0.0,0.0,0.0,0.0,0.0,0.0,0.0,24.0
2016-12-11,0.0,18.0,0.0,0.0,0.0,24.0,69.0,45.0,0.0,45.0,0.0,11.0,0.0,0.0,0.0,32.0,76.0,0.0,0.0,0.0,0.0,0.0,0.0,0.0,16.0,0.0,11.0,0.0,106.0,0.0,0.0,0.0,0.0,0.0,0.0,0.0,4.0,0.0,0.0,0.0,0.0,0.0,0.0,0.0,21.0,100.0,0.0,0.0,0.0,5089.0,0.0,0.0,0.0,0.0,0.0,0.0,0.0,0.0,0.0,0.0,0.0,0.0,0.0,0.0,0.0,0.0,0.0,0.0,0.0,0.0,0.0,0.0,0.0,0.0,22.0
2016-12-18,0.0,200.0,0.0,0.0,0.0,22.0,75.0,57.0,11.0,39.0,0.0,52.0,0.0,0.0,0.0,21.0,387.0,0.0,0.0,0.0,0.0,0.0,0.0,0.0,0.0,0.0,0.0,0.0,323.0,0.0,0.0,0.0,0.0,0.0,0.0,23.0,5.0,0.0,0.0,0.0,0.0,0.0,0.0,0.0,13.0,52.0,0.0,0.0,0.0,1689.0,0.0,0.0,0.0,0.0,0.0,0.0,0.0,0.0,0.0,0.0,0.0,0.0,0.0,0.0,0.0,0.0,0.0,0.0,0.0,0.0,0.0,0.0,0.0,0.0,50.0
2016-12-25,0.0,33.0,0.0,0.0,0.0,12.0,23.0,12.0,0.0,203.0,0.0,0.0,0.0,0.0,0.0,76.0,826.0,0.0,0.0,0.0,0.0,0.0,0.0,110.0,0.0,0.0,0.0,0.0,39.0,0.0,0.0,0.0,0.0,0.0,0.0,0.0,0.0,0.0,0.0,0.0,0.0,0.0,0.0,120.0,12.0,26.0,0.0,0.0,0.0,467.0,0.0,0.0,0.0,0.0,0.0,0.0,0.0,0.0,0.0,0.0,0.0,0.0,0.0,0.0,0.0,93.0,0.0,0.0,0.0,0.0,0.0,0.0,12.0,0.0,29.0
2017-01-01,0.0,145.0,0.0,0.0,0.0,0.0,12.0,34.0,0.0,31.0,0.0,0.0,0.0,0.0,0.0,33.0,535.0,21.0,6.0,0.0,0.0,0.0,0.0,23.0,5.0,0.0,17.0,0.0,0.0,0.0,0.0,0.0,0.0,0.0,0.0,11.0,0.0,0.0,0.0,0.0,0.0,0.0,0.0,0.0,0.0,200.0,0.0,0.0,0.0,45.0,0.0,0.0,0.0,0.0,0.0,0.0,0.0,0.0,0.0,0.0,0.0,0.0,0.0,0.0,0.0,43.0,0.0,0.0,0.0,24.0,0.0,0.0,0.0,0.0,19.0
2017-01-08,0.0,19.0,0.0,0.0,0.0,0.0,0.0,0.0,0.0,3523.0,0.0,20.0,0.0,0.0,0.0,185.0,629.0,0.0,0.0,30.0,0.0,0.0,26.0,119.0,7.0,0.0,149.0,0.0,0.0,0.0,0.0,0.0,0.0,0.0,0.0,0.0,6.0,0.0,0.0,0.0,0.0,0.0,0.0,0.0,0.0,221.0,0.0,0.0,0.0,511.0,0.0,0.0,0.0,0.0,0.0,0.0,0.0,0.0,0.0,0.0,0.0,0.0,0.0,0.0,0.0,0.0,0.0,0.0,0.0,0.0,0.0,0.0,0.0,12000.0,49.0
2017-01-15,120.0,2345.0,0.0,0.0,0.0,33.0,144.0,124.0,21.0,328.0,0.0,28.0,0.0,0.0,0.0,20.0,743.0,0.0,0.0,0.0,0.0,0.0,0.0,27.0,0.0,14.0,98.0,0.0,2500.0,0.0,0.0,0.0,0.0,0.0,0.0,0.0,110.0,0.0,0.0,199.0,102.0,0.0,0.0,35.0,350.0,107.0,0.0,0.0,0.0,267.0,0.0,0.0,0.0,0.0,17.0,0.0,74.0,0.0,0.0,0.0,0.0,0.0,0.0,0.0,0.0,0.0,0.0,0.0,0.0,0.0,0.0,0.0,120.0,0.0,6057.0
2017-01-22,0.0,540.0,0.0,0.0,17.0,0.0,0.0,0.0,0.0,3823.0,0.0,20.0,0.0,0.0,0.0,9.0,2120.0,0.0,0.0,0.0,0.0,0.0,0.0,264.0,29.0,125.0,182.0,0.0,59.0,0.0,0.0,0.0,0.0,0.0,0.0,11.0,15.0,0.0,14.0,14.0,0.0,0.0,0.0,0.0,0.0,89.0,0.0,0.0,0.0,230.0,0.0,0.0,0.0,0.0,0.0,0.0,42.0,0.0,0.0,0.0,0.0,0.0,0.0,0.0,0.0,42.0,0.0,0.0,0.0,0.0,0.0,0.0,3.0,0.0,67.0
2017-01-29,0.0,759.0,0.0,0.0,0.0,0.0,54.0,8.0,0.0,818.0,0.0,0.0,0.0,935.0,0.0,21.0,479.0,0.0,0.0,0.0,11.0,0.0,0.0,377.0,0.0,0.0,401.0,0.0,900.0,0.0,0.0,0.0,0.0,0.0,0.0,5.0,0.0,0.0,0.0,0.0,0.0,7.0,0.0,0.0,0.0,317.0,0.0,0.0,0.0,531.0,0.0,0.0,0.0,0.0,0.0,105.0,0.0,0.0,0.0,0.0,0.0,0.0,0.0,0.0,900.0,16.0,0.0,0.0,0.0,0.0,0.0,0.0,5.0,0.0,1249.0
2017-02-05,0.0,2090.0,0.0,0.0,0.0,100.0,99.0,146.0,0.0,7774.0,0.0,16.0,0.0,320.0,0.0,61.0,5934.0,0.0,0.0,7.0,0.0,29.0,0.0,266.0,0.0,0.0,264.0,0.0,40.0,0.0,0.0,0.0,200.0,0.0,0.0,18.0,0.0,0.0,0.0,0.0,0.0,0.0,0.0,0.0,0.0,313.0,0.0,77.0,6.0,2276.0,0.0,0.0,0.0,0.0,0.0,113.0,0.0,0.0,0.0,0.0,0.0,0.0,0.0,0.0,0.0,2126.0,0.0,0.0,0.0,1461.0,0.0,0.0,167.0,0.0,539.0
2017-02-12,0.0,377.0,0.0,0.0,0.0,0.0,0.0,8.0,0.0,1464.0,0.0,4.0,0.0,560.0,0.0,16.0,444.0,0.0,0.0,16.0,0.0,0.0,713.0,0.0,0.0,0.0,72.0,0.0,34.0,0.0,0.0,0.0,8.0,0.0,0.0,52.0,2504.0,0.0,0.0,0.0,432.0,0.0,0.0,200.0,250.0,457.0,0.0,0.0,0.0,5779.0,0.0,0.0,0.0,0.0,0.0,0.0,0.0,0.0,0.0,0.0,0.0,0.0,0.0,0.0,0.0,885.0,0.0,0.0,0.0,14.0,0.0,0.0,11.0,0.0,59.0
2017-02-19,0.0,20.0,0.0,0.0,0.0,0.0,66.0,8.0,9.0,8445.0,0.0,47.0,0.0,0.0,0.0,236.0,8178.0,5.0,0.0,20.0,0.0,4560.0,7884.0,537.0,225.0,0.0,673.0,0.0,158.0,132.0,0.0,0.0,430.0,0.0,0.0,499.0,2894.0,0.0,475.0,0.0,0.0,0.0,0.0,325.0,0.0,642.0,0.0,0.0,0.0,368.0,0.0,0.0,0.0,0.0,0.0,0.0,0.0,0.0,0.0,0.0,0.0,0.0,0.0,0.0,0.0,7.0,0.0,0.0,0.0,12.0,0.0,0.0,110.0,0.0,57.0
2017-02-26,0.0,19.0,0.0,0.0,0.0,6.0,19.0,196.0,0.0,8338.0,0.0,8.0,0.0,0.0,7.0,1171.0,13610.0,0.0,600.0,7.0,0.0,0.0,0.0,396.0,13.0,0.0,3632.0,0.0,161.0,108.0,0.0,0.0,0.0,0.0,105.0,83.0,935.0,0.0,1035.0,0.0,1279.0,0.0,0.0,310.0,370.0,258.0,0.0,0.0,518.0,2152.0,1112.0,7.0,0.0,0.0,0.0,400.0,113.0,0.0,0.0,0.0,0.0,0.0,0.0,0.0,0.0,293.0,0.0,0.0,0.0,1741.0,0.0,0.0,21.0,0.0,64.0
2017-03-05,0.0,22.0,0.0,0.0,0.0,0.0,32.0,24.0,300.0,4398.0,0.0,31.0,0.0,0.0,0.0,980.0,9572.0,5.0,0.0,0.0,372.0,0.0,3906.0,569.0,20.0,0.0,2059.0,0.0,0.0,2197.0,0.0,0.0,1234.0,0.0,0.0,78.0,0.0,0.0,0.0,10.0,0.0,0.0,12.0,26.0,100.0,274.0,288.0,0.0,0.0,748.0,0.0,389.0,0.0,145.0,0.0,0.0,0.0,0.0,0.0,1644.0,1800.0,0.0,0.0,0.0,1800.0,6588.0,0.0,11221.0,0.0,0.0,0.0,0.0,16.0,0.0,44.0
2017-03-12,0.0,30.0,0.0,0.0,0.0,167.0,156.0,788.0,400.0,9214.0,0.0,67.0,0.0,112.0,0.0,290.0,13262.0,0.0,5.0,5.0,0.0,330.0,1062.0,284.0,50.0,318.0,34.0,0.0,100.0,3204.0,0.0,0.0,372.0,0.0,0.0,1420.0,0.0,0.0,0.0,48.0,0.0,0.0,130.0,219.0,28.0,234.0,184.0,0.0,0.0,1514.0,0.0,234.0,0.0,205.0,0.0,0.0,0.0,0.0,0.0,6906.0,10316.0,0.0,0.0,0.0,4200.0,1284.0,2114.0,3847.0,0.0,3900.0,0.0,0.0,32.0,303.0,1307.0
2017-03-19,0.0,422.0,0.0,0.0,0.0,33.0,16.0,47.0,1148.0,30711.0,305.0,9.0,0.0,0.0,0.0,2610.0,16722.0,0.0,6.0,0.0,0.0,0.0,426.0,350.0,200.0,0.0,30.0,122.0,0.0,3178.0,0.0,0.0,475.0,0.0,0.0,1513.0,0.0,20.0,12.0,0.0,1190.0,0.0,0.0,191.0,36.0,296.0,0.0,0.0,97.0,1032.0,0.0,0.0,0.0,123.0,0.0,0.0,0.0,0.0,0.0,1950.0,544.0,0.0,0.0,0.0,1500.0,1471.0,4885.0,101.0,0.0,3360.0,0.0,0.0,18.0,6.0,204.0
2017-03-26,103.0,36.0,0.0,0.0,0.0,8.0,50.0,334.0,3505.0,28425.0,200.0,24.0,0.0,0.0,3.0,1474.0,18566.0,0.0,12.0,0.0,0.0,0.0,0.0,22.0,46.0,0.0,439.0,0.0,0.0,810.0,0.0,0.0,352.0,0.0,0.0,1551.0,7538.0,0.0,0.0,0.0,0.0,0.0,0.0,178.0,120.0,757.0,195.0,0.0,0.0,2404.0,0.0,0.0,0.0,138.0,0.0,0.0,0.0,0.0,0.0,650.0,5884.0,0.0,0.0,0.0,2610.0,360.0,0.0,0.0,146.0,4932.0,110.0,0.0,26.0,20.0,182.0
2017-04-02,0.0,15.0,0.0,0.0,0.0,109.0,725.0,324.0,822.0,3452.0,150.0,19.0,0.0,0.0,0.0,692.0,13934.0,0.0,0.0,0.0,0.0,0.0,0.0,132.0,10.0,0.0,35.0,0.0,105.0,198.0,0.0,0.0,187.0,0.0,0.0,690.0,0.0,0.0,0.0,0.0,0.0,0.0,0.0,117.0,0.0,840.0,212.0,0.0,0.0,195.0,0.0,0.0,0.0,0.0,0.0,312.0,100.0,0.0,0.0,600.0,1832.0,0.0,0.0,0.0,1995.0,1564.0,0.0,200.0,1329.0,980.0,7.0,0.0,144.0,422.0,162.0
2017-04-09,0.0,473.0,0.0,0.0,0.0,100.0,208.0,108.0,238.0,8700.0,0.0,152.0,0.0,0.0,0.0,1328.0,14056.0,0.0,0.0,0.0,0.0,0.0,0.0,0.0,5.0,0.0,36.0,0.0,0.0,5.0,0.0,0.0,120.0,0.0,0.0,592.0,0.0,0.0,0.0,0.0,0.0,0.0,0.0,21.0,14.0,379.0,0.0,0.0,0.0,536.0,0.0,0.0,125.0,132.0,0.0,0.0,0.0,0.0,0.0,1620.0,240.0,0.0,0.0,0.0,180.0,1157.0,0.0,0.0,573.0,1567.0,152.0,0.0,35.0,26.0,81.0
2017-04-16,0.0,144.0,0.0,0.0,0.0,100.0,224.0,208.0,0.0,5397.0,0.0,27.0,0.0,0.0,0.0,233.0,13374.0,0.0,150.0,0.0,0.0,0.0,0.0,0.0,0.0,0.0,10.0,20.0,0.0,0.0,0.0,0.0,0.0,0.0,0.0,1915.0,0.0,0.0,0.0,0.0,0.0,0.0,0.0,27.0,0.0,375.0,0.0,0.0,0.0,561.0,0.0,5.0,0.0,115.0,102.0,0.0,0.0,0.0,0.0,0.0,330.0,0.0,0.0,0.0,0.0,654.0,0.0,0.0,805.0,780.0,158.0,0.0,132.0,0.0,317.0
2017-04-23,0.0,53.0,0.0,0.0,0.0,108.0,100.0,200.0,0.0,17314.0,0.0,150.0,0.0,0.0,0.0,147.0,14533.0,0.0,880.0,0.0,0.0,0.0,0.0,0.0,0.0,0.0,55.0,0.0,13.0,0.0,0.0,0.0,0.0,0.0,0.0,83.0,0.0,0.0,0.0,0.0,0.0,0.0,0.0,0.0,0.0,301.0,148.0,0.0,0.0,467.0,0.0,0.0,0.0,105.0,800.0,0.0,0.0,0.0,0.0,0.0,459.0,0.0,0.0,0.0,28.0,1349.0,250.0,0.0,624.0,2348.0,10.0,0.0,32.0,19.0,64.0
2017-04-30,0.0,21.0,0.0,0.0,0.0,533.0,524.0,324.0,0.0,9216.0,0.0,0.0,230.0,0.0,0.0,67.0,12115.0,0.0,0.0,0.0,0.0,0.0,0.0,0.0,0.0,0.0,14.0,116.0,0.0,1058.0,0.0,0.0,0.0,0.0,0.0,383.0,0.0,0.0,0.0,0.0,0.0,0.0,0.0,0.0,0.0,523.0,0.0,0.0,0.0,2121.0,0.0,0.0,120.0,0.0,0.0,0.0,0.0,0.0,0.0,770.0,47.0,0.0,0.0,0.0,0.0,393.0,0.0,0.0,510.0,2519.0,0.0,0.0,6.0,6.0,72.0
2017-05-07,0.0,30.0,0.0,0.0,45.0,0.0,724.0,508.0,538.0,565.0,0.0,0.0,0.0,0.0,0.0,33.0,1175.0,0.0,0.0,0.0,0.0,0.0,0.0,0.0,5.0,0.0,0.0,0.0,0.0,0.0,0.0,0.0,0.0,0.0,0.0,12.0,0.0,0.0,0.0,0.0,0.0,0.0,0.0,0.0,0.0,105.0,0.0,0.0,0.0,708.0,136.0,0.0,0.0,0.0,0.0,0.0,0.0,0.0,0.0,0.0,3248.0,0.0,0.0,0.0,0.0,1047.0,0.0,0.0,0.0,9.0,12.0,0.0,0.0,20.0,95.0
2017-05-14,0.0,26.0,0.0,0.0,0.0,0.0,0.0,316.0,13.0,3973.0,0.0,50.0,0.0,0.0,0.0,36.0,1840.0,0.0,0.0,0.0,0.0,0.0,0.0,0.0,6.0,0.0,624.0,0.0,0.0,0.0,0.0,0.0,0.0,0.0,0.0,34.0,0.0,0.0,0.0,0.0,0.0,0.0,0.0,0.0,0.0,244.0,0.0,0.0,0.0,19.0,6.0,0.0,0.0,0.0,0.0,1200.0,0.0,0.0,0.0,5600.0,229.0,0.0,0.0,0.0,200.0,2331.0,0.0,0.0,0.0,0.0,0.0,0.0,16.0,25.0,973.0
2017-05-21,0.0,17.0,0.0,0.0,0.0,0.0,0.0,0.0,0.0,4334.0,0.0,0.0,0.0,0.0,0.0,0.0,918.0,0.0,0.0,100.0,0.0,0.0,0.0,217.0,0.0,0.0,505.0,0.0,19.0,0.0,0.0,0.0,0.0,0.0,0.0,85.0,6.0,0.0,0.0,0.0,0.0,0.0,0.0,0.0,0.0,136.0,0.0,0.0,0.0,1348.0,14.0,0.0,700.0,0.0,0.0,0.0,0.0,0.0,0.0,1200.0,4.0,0.0,0.0,0.0,173.0,174.0,0.0,0.0,0.0,0.0,0.0,0.0,15.0,26.0,16.0
2017-05-28,0.0,30.0,0.0,0.0,0.0,300.0,700.0,700.0,800.0,177.0,0.0,0.0,0.0,0.0,0.0,39.0,871.0,0.0,0.0,0.0,0.0,0.0,0.0,9.0,0.0,0.0,13.0,0.0,99.0,0.0,0.0,0.0,0.0,0.0,0.0,39.0,0.0,0.0,0.0,0.0,0.0,0.0,0.0,0.0,0.0,55.0,0.0,0.0,0.0,158.0,9.0,6.0,0.0,0.0,0.0,0.0,0.0,0.0,0.0,4080.0,0.0,0.0,0.0,0.0,0.0,0.0,0.0,0.0,0.0,0.0,0.0,0.0,7.0,131.0,63.0
2017-06-04,0.0,15.0,0.0,0.0,0.0,300.0,108.0,200.0,100.0,26.0,0.0,24.0,0.0,0.0,0.0,28.0,1419.0,0.0,0.0,0.0,0.0,0.0,0.0,0.0,0.0,0.0,0.0,0.0,21.0,0.0,0.0,0.0,6.0,0.0,0.0,29.0,0.0,0.0,0.0,0.0,0.0,0.0,0.0,0.0,0.0,119.0,0.0,0.0,0.0,27.0,14.0,0.0,0.0,0.0,0.0,0.0,0.0,0.0,0.0,0.0,0.0,0.0,0.0,0.0,0.0,0.0,0.0,0.0,0.0,0.0,0.0,0.0,104.0,13.0,127.0
2017-06-11,0.0,0.0,0.0,0.0,0.0,0.0,200.0,100.0,200.0,300.0,0.0,0.0,0.0,0.0,0.0,40.0,1446.0,0.0,0.0,0.0,0.0,0.0,0.0,353.0,317.0,0.0,0.0,0.0,205.0,0.0,0.0,0.0,40.0,0.0,0.0,0.0,0.0,0.0,0.0,0.0,0.0,0.0,0.0,0.0,0.0,59.0,0.0,0.0,0.0,973.0,321.0,0.0,0.0,240.0,0.0,0.0,0.0,0.0,0.0,0.0,0.0,0.0,0.0,0.0,0.0,0.0,0.0,0.0,0.0,0.0,0.0,0.0,6.0,47.0,116.0
2017-06-18,0.0,0.0,0.0,0.0,0.0,0.0,0.0,0.0,0.0,346.0,0.0,0.0,0.0,0.0,0.0,52.0,9031.0,0.0,0.0,57.0,0.0,0.0,0.0,0.0,200.0,0.0,0.0,0.0,23.0,0.0,0.0,0.0,123.0,0.0,0.0,0.0,0.0,0.0,0.0,0.0,0.0,0.0,0.0,0.0,0.0,75.0,0.0,0.0,0.0,459.0,132.0,0.0,0.0,0.0,0.0,0.0,0.0,0.0,0.0,0.0,0.0,0.0,0.0,0.0,13.0,150.0,0.0,0.0,120.0,0.0,0.0,0.0,13.0,25.0,108.0
2017-06-25,0.0,0.0,0.0,0.0,0.0,0.0,100.0,0.0,0.0,10214.0,0.0,0.0,0.0,0.0,0.0,57.0,6380.0,0.0,4.0,0.0,0.0,0.0,0.0,0.0,8598.0,0.0,0.0,0.0,431.0,0.0,0.0,0.0,0.0,0.0,0.0,0.0,0.0,0.0,0.0,0.0,0.0,0.0,0.0,0.0,0.0,41.0,0.0,0.0,0.0,460.0,9.0,0.0,0.0,0.0,0.0,0.0,0.0,0.0,0.0,0.0,0.0,0.0,0.0,0.0,43.0,200.0,0.0,0.0,522.0,0.0,0.0,0.0,5.0,23.0,24.0
2017-07-02,0.0,0.0,0.0,0.0,0.0,400.0,200.0,1000.0,0.0,0.0,0.0,0.0,0.0,0.0,0.0,51.0,4477.0,0.0,0.0,0.0,0.0,0.0,0.0,138.0,0.0,0.0,0.0,0.0,0.0,0.0,0.0,0.0,0.0,0.0,0.0,0.0,0.0,0.0,0.0,0.0,0.0,0.0,0.0,0.0,0.0,0.0,0.0,0.0,0.0,47.0,0.0,0.0,0.0,0.0,0.0,0.0,1970.0,0.0,0.0,0.0,0.0,0.0,0.0,0.0,605.0,890.0,0.0,100.0,824.0,250.0,0.0,0.0,0.0,31.0,45.0
2017-07-09,0.0,52.0,0.0,0.0,0.0,500.0,300.0,100.0,900.0,18.0,0.0,0.0,0.0,0.0,0.0,52.0,8078.0,0.0,0.0,0.0,0.0,0.0,0.0,0.0,0.0,0.0,20.0,0.0,0.0,0.0,0.0,0.0,10.0,0.0,0.0,0.0,0.0,0.0,0.0,0.0,0.0,0.0,0.0,0.0,0.0,0.0,0.0,0.0,0.0,25.0,7.0,0.0,0.0,0.0,0.0,0.0,0.0,0.0,0.0,0.0,0.0,0.0,0.0,0.0,147.0,3023.0,0.0,0.0,65.0,4156.0,0.0,0.0,37.0,43.0,15.0
2017-07-16,0.0,75.0,0.0,0.0,0.0,200.0,1000.0,0.0,0.0,676.0,0.0,35.0,0.0,0.0,0.0,36.0,6656.0,0.0,0.0,0.0,0.0,0.0,0.0,0.0,0.0,0.0,84.0,0.0,7.0,0.0,0.0,0.0,58.0,0.0,0.0,18.0,0.0,0.0,0.0,0.0,0.0,0.0,0.0,0.0,0.0,0.0,0.0,0.0,0.0,203.0,0.0,0.0,16.0,0.0,9.0,0.0,0.0,0.0,0.0,0.0,0.0,0.0,0.0,0.0,240.0,3371.0,0.0,110.0,123.0,3017.0,0.0,0.0,394.0,13.0,31.0
2017-07-23,0.0,53.0,0.0,0.0,0.0,900.0,1000.0,1100.0,0.0,34.0,0.0,0.0,0.0,0.0,0.0,101.0,6208.0,0.0,0.0,0.0,0.0,0.0,0.0,102.0,5.0,0.0,68.0,0.0,74.0,0.0,0.0,0.0,41.0,0.0,0.0,0.0,0.0,0.0,0.0,0.0,0.0,0.0,0.0,0.0,0.0,91.0,0.0,0.0,0.0,496.0,0.0,0.0,0.0,0.0,0.0,0.0,0.0,0.0,0.0,0.0,0.0,0.0,0.0,0.0,15.0,573.0,0.0,0.0,729.0,1895.0,0.0,0.0,111.0,50.0,44.0
2017-07-30,0.0,433.0,0.0,0.0,0.0,1700.0,1500.0,1800.0,0.0,171.0,0.0,0.0,0.0,0.0,0.0,42.0,4858.0,0.0,0.0,0.0,0.0,0.0,0.0,18.0,4.0,0.0,45.0,0.0,161.0,27.0,0.0,0.0,29.0,0.0,0.0,0.0,0.0,0.0,0.0,0.0,0.0,0.0,0.0,0.0,0.0,77.0,0.0,0.0,0.0,10.0,0.0,0.0,0.0,0.0,0.0,0.0,0.0,0.0,0.0,17.0,27.0,0.0,0.0,0.0,162.0,1268.0,0.0,120.0,24.0,2162.0,0.0,0.0,47.0,27.0,67.0
2017-08-06,0.0,31.0,0.0,0.0,0.0,0.0,600.0,1200.0,0.0,72.0,0.0,6.0,0.0,0.0,0.0,21.0,3731.0,0.0,0.0,0.0,0.0,0.0,0.0,111.0,0.0,0.0,0.0,0.0,0.0,0.0,0.0,0.0,0.0,0.0,0.0,24.0,0.0,0.0,980.0,0.0,0.0,0.0,0.0,0.0,0.0,131.0,0.0,0.0,0.0,241.0,0.0,0.0,0.0,0.0,0.0,0.0,0.0,0.0,0.0,268.0,113.0,0.0,0.0,0.0,637.0,162.0,0.0,0.0,1005.0,848.0,0.0,0.0,81.0,23.0,87.0
2017-08-13,0.0,65.0,0.0,0.0,0.0,300.0,600.0,300.0,0.0,1541.0,0.0,7.0,0.0,0.0,0.0,20.0,6502.0,0.0,0.0,0.0,0.0,0.0,0.0,122.0,5.0,0.0,89.0,114.0,0.0,0.0,0.0,0.0,6.0,0.0,0.0,10.0,8.0,0.0,0.0,0.0,0.0,0.0,0.0,0.0,0.0,41.0,0.0,0.0,0.0,184.0,0.0,0.0,0.0,0.0,0.0,0.0,0.0,0.0,0.0,112.0,178.0,0.0,0.0,0.0,126.0,188.0,0.0,0.0,441.0,129.0,20.0,0.0,59.0,20.0,124.0
2017-08-20,0.0,82.0,0.0,0.0,0.0,600.0,300.0,300.0,0.0,327.0,0.0,26.0,0.0,0.0,0.0,28.0,3799.0,0.0,0.0,0.0,0.0,0.0,0.0,157.0,0.0,0.0,22.0,0.0,304.0,126.0,0.0,0.0,38.0,0.0,0.0,30.0,8.0,0.0,0.0,0.0,0.0,0.0,0.0,0.0,0.0,94.0,0.0,0.0,0.0,169.0,0.0,0.0,0.0,0.0,0.0,0.0,0.0,0.0,0.0,363.0,336.0,0.0,0.0,0.0,173.0,334.0,0.0,0.0,145.0,0.0,145.0,0.0,9.0,36.0,140.0
2017-08-27,0.0,76.0,0.0,0.0,0.0,0.0,0.0,0.0,0.0,171.0,0.0,6.0,0.0,0.0,0.0,27.0,4759.0,0.0,0.0,0.0,0.0,0.0,0.0,138.0,5.0,0.0,0.0,0.0,0.0,0.0,0.0,0.0,72.0,0.0,0.0,47.0,0.0,0.0,0.0,0.0,0.0,0.0,0.0,0.0,0.0,89.0,0.0,0.0,0.0,111.0,0.0,0.0,0.0,0.0,0.0,0.0,0.0,0.0,0.0,388.0,526.0,0.0,189.0,0.0,164.0,18.0,0.0,0.0,33.0,0.0,31.0,0.0,174.0,44.0,118.0
2017-09-03,0.0,28.0,0.0,0.0,0.0,0.0,0.0,0.0,0.0,17.0,0.0,5.0,0.0,0.0,0.0,83.0,1572.0,0.0,0.0,0.0,0.0,0.0,0.0,0.0,0.0,0.0,0.0,0.0,0.0,0.0,0.0,0.0,0.0,0.0,0.0,0.0,0.0,0.0,0.0,0.0,0.0,0.0,0.0,0.0,0.0,37.0,0.0,0.0,0.0,59.0,0.0,0.0,0.0,0.0,0.0,0.0,0.0,0.0,0.0,418.0,374.0,0.0,17.0,0.0,57.0,0.0,0.0,0.0,0.0,0.0,778.0,0.0,128.0,31.0,90.0
2017-09-10,0.0,52.0,0.0,0.0,0.0,0.0,0.0,0.0,0.0,191.0,0.0,17.0,0.0,0.0,0.0,57.0,2787.0,0.0,0.0,0.0,0.0,0.0,0.0,0.0,0.0,0.0,0.0,0.0,114.0,19.0,0.0,0.0,392.0,0.0,0.0,41.0,9.0,0.0,0.0,0.0,0.0,0.0,0.0,0.0,0.0,76.0,68.0,0.0,0.0,384.0,0.0,0.0,0.0,0.0,0.0,0.0,0.0,0.0,0.0,216.0,186.0,0.0,52.0,0.0,0.0,215.0,0.0,0.0,0.0,670.0,997.0,0.0,449.0,44.0,78.0
2017-09-17,0.0,59.0,0.0,0.0,0.0,700.0,1000.0,700.0,0.0,12.0,0.0,26.0,0.0,0.0,0.0,9.0,2304.0,0.0,0.0,6.0,0.0,0.0,0.0,252.0,0.0,0.0,20.0,0.0,0.0,0.0,0.0,0.0,1065.0,0.0,0.0,35.0,0.0,0.0,0.0,0.0,0.0,0.0,0.0,0.0,0.0,70.0,168.0,0.0,0.0,498.0,7.0,0.0,0.0,0.0,0.0,0.0,0.0,0.0,0.0,37.0,303.0,0.0,454.0,0.0,0.0,213.0,0.0,0.0,0.0,660.0,69.0,0.0,367.0,29.0,148.0
2017-09-24,0.0,59.0,0.0,0.0,0.0,0.0,0.0,0.0,0.0,60.0,0.0,0.0,0.0,0.0,0.0,34.0,3130.0,0.0,0.0,0.0,0.0,0.0,570.0,128.0,0.0,0.0,48.0,7.0,0.0,0.0,0.0,0.0,76.0,0.0,0.0,11.0,21.0,0.0,0.0,820.0,0.0,0.0,0.0,16.0,0.0,59.0,49.0,0.0,0.0,1287.0,0.0,256.0,525.0,0.0,0.0,0.0,0.0,0.0,0.0,48.0,165.0,0.0,338.0,0.0,48.0,53.0,0.0,0.0,0.0,559.0,164.0,0.0,220.0,27.0,140.0
2017-10-01,0.0,36.0,0.0,0.0,0.0,0.0,0.0,0.0,0.0,7.0,0.0,0.0,0.0,0.0,0.0,57.0,1267.0,0.0,0.0,130.0,0.0,0.0,0.0,0.0,0.0,0.0,0.0,0.0,0.0,0.0,0.0,0.0,135.0,0.0,0.0,21.0,15.0,0.0,0.0,0.0,0.0,0.0,0.0,8.0,16.0,100.0,0.0,0.0,0.0,25.0,0.0,0.0,0.0,0.0,0.0,0.0,0.0,0.0,0.0,15.0,125.0,0.0,1320.0,0.0,27.0,71.0,0.0,0.0,0.0,125.0,19.0,0.0,493.0,30.0,178.0
2017-10-08,0.0,49.0,8.0,8.0,0.0,0.0,0.0,300.0,100.0,32.0,0.0,57.0,0.0,16.0,0.0,8.0,2661.0,0.0,0.0,5.0,0.0,0.0,120.0,0.0,0.0,0.0,0.0,0.0,0.0,0.0,0.0,0.0,33.0,0.0,0.0,61.0,0.0,0.0,0.0,0.0,0.0,0.0,0.0,0.0,29.0,59.0,0.0,0.0,0.0,585.0,0.0,16.0,0.0,0.0,0.0,0.0,0.0,0.0,0.0,57.0,185.0,0.0,1159.0,0.0,0.0,42.0,0.0,0.0,0.0,0.0,76.0,0.0,9.0,25.0,124.0
2017-10-15,0.0,20.0,0.0,0.0,0.0,0.0,151.0,300.0,0.0,150.0,0.0,25.0,0.0,0.0,0.0,2005.0,1995.0,0.0,1.0,0.0,0.0,0.0,0.0,255.0,0.0,0.0,0.0,0.0,150.0,38.0,0.0,0.0,42.0,0.0,0.0,36.0,0.0,0.0,0.0,0.0,0.0,0.0,0.0,116.0,6.0,120.0,0.0,0.0,0.0,472.0,6.0,121.0,0.0,0.0,0.0,0.0,113.0,0.0,0.0,6.0,398.0,0.0,0.0,0.0,0.0,18.0,0.0,0.0,0.0,0.0,40.0,0.0,0.0,36.0,124.0
2017-10-22,0.0,27.0,0.0,0.0,0.0,550.0,800.0,550.0,0.0,330.0,0.0,86.0,0.0,0.0,0.0,66.0,1592.0,0.0,0.0,0.0,0.0,0.0,0.0,0.0,0.0,0.0,79.0,0.0,29.0,66.0,0.0,0.0,363.0,0.0,0.0,40.0,0.0,0.0,0.0,0.0,0.0,0.0,0.0,46.0,18.0,120.0,0.0,0.0,0.0,625.0,0.0,0.0,0.0,102.0,0.0,154.0,395.0,0.0,0.0,6.0,289.0,0.0,9.0,0.0,0.0,0.0,0.0,0.0,23.0,210.0,0.0,0.0,0.0,15.0,24.0
2017-10-29,0.0,39.0,6.0,0.0,0.0,0.0,0.0,0.0,0.0,88.0,0.0,34.0,0.0,6.0,0.0,409.0,1111.0,0.0,0.0,0.0,0.0,0.0,1030.0,0.0,3.0,0.0,86.0,0.0,0.0,0.0,0.0,0.0,22.0,0.0,0.0,50.0,6.0,0.0,0.0,0.0,0.0,0.0,0.0,19.0,18.0,45.0,0.0,0.0,0.0,73.0,0.0,0.0,0.0,0.0,0.0,0.0,6.0,0.0,0.0,8.0,293.0,0.0,278.0,0.0,0.0,48.0,0.0,0.0,51.0,138.0,7.0,0.0,16.0,33.0,159.0
2017-11-05,0.0,34.0,0.0,0.0,0.0,0.0,150.0,0.0,0.0,94.0,0.0,4.0,19.0,0.0,0.0,376.0,1582.0,0.0,0.0,0.0,0.0,0.0,0.0,232.0,0.0,0.0,46.0,0.0,0.0,0.0,0.0,0.0,57.0,0.0,0.0,28.0,0.0,0.0,0.0,0.0,0.0,0.0,0.0,28.0,0.0,37.0,0.0,0.0,0.0,451.0,0.0,0.0,7.0,0.0,43.0,34.0,124.0,0.0,0.0,12.0,189.0,0.0,312.0,0.0,0.0,16.0,0.0,0.0,39.0,10.0,165.0,0.0,10.0,0.0,56.0
2017-11-12,0.0,22.0,0.0,0.0,0.0,0.0,300.0,0.0,0.0,48.0,11.0,172.0,0.0,5.0,0.0,181.0,808.0,0.0,0.0,0.0,250.0,0.0,210.0,11.0,54.0,0.0,0.0,0.0,0.0,0.0,0.0,0.0,0.0,0.0,0.0,50.0,0.0,0.0,0.0,0.0,0.0,0.0,0.0,0.0,0.0,4.0,0.0,0.0,0.0,139.0,0.0,27.0,8.0,0.0,383.0,445.0,171.0,0.0,0.0,28.0,178.0,0.0,0.0,0.0,0.0,97.0,15.0,0.0,43.0,68.0,48.0,0.0,10.0,11.0,97.0
2017-11-19,0.0,40.0,0.0,0.0,0.0,150.0,0.0,0.0,0.0,10.0,0.0,75.0,0.0,117.0,0.0,102.0,1671.0,0.0,0.0,0.0,0.0,0.0,0.0,0.0,6.0,0.0,15.0,35.0,0.0,0.0,0.0,0.0,0.0,0.0,0.0,21.0,0.0,0.0,0.0,0.0,0.0,0.0,0.0,0.0,0.0,0.0,0.0,0.0,0.0,86.0,18.0,166.0,0.0,0.0,50.0,8.0,110.0,28.0,0.0,16.0,237.0,0.0,0.0,0.0,0.0,63.0,0.0,0.0,6.0,10.0,0.0,0.0,18.0,16.0,123.0
2017-11-26,0.0,13.0,0.0,0.0,0.0,0.0,0.0,0.0,0.0,27.0,0.0,51.0,41.0,0.0,0.0,36.0,171.0,130.0,11.0,0.0,0.0,0.0,12.0,0.0,0.0,0.0,0.0,19.0,46.0,0.0,0.0,0.0,10.0,0.0,0.0,46.0,17.0,0.0,0.0,0.0,0.0,0.0,0.0,0.0,0.0,12.0,0.0,0.0,0.0,177.0,2.0,4.0,22.0,0.0,247.0,0.0,145.0,0.0,0.0,0.0,239.0,0.0,0.0,0.0,0.0,90.0,11.0,0.0,16.0,19.0,89.0,0.0,7.0,32.0,118.0
2017-12-03,0.0,51.0,6.0,0.0,0.0,0.0,0.0,0.0,0.0,8.0,0.0,142.0,175.0,15.0,4.0,205.0,144.0,0.0,0.0,0.0,0.0,0.0,0.0,15.0,0.0,0.0,5.0,0.0,0.0,0.0,0.0,0.0,0.0,0.0,0.0,22.0,0.0,0.0,0.0,0.0,0.0,0.0,0.0,15.0,0.0,15.0,0.0,0.0,0.0,102.0,13.0,5.0,5.0,0.0,8.0,108.0,59.0,25.0,0.0,14.0,15.0,0.0,0.0,0.0,0.0,0.0,0.0,0.0,0.0,0.0,157.0,0.0,0.0,13.0,67.0
2017-12-10,0.0,21.0,0.0,0.0,0.0,0.0,0.0,0.0,0.0,50.0,5.0,53.0,116.0,22.0,0.0,102.0,1167.0,0.0,0.0,0.0,0.0,0.0,0.0,0.0,0.0,0.0,19.0,0.0,87.0,0.0,0.0,0.0,15.0,0.0,0.0,10.0,7.0,0.0,0.0,0.0,0.0,0.0,0.0,0.0,0.0,48.0,0.0,0.0,0.0,135.0,152.0,0.0,0.0,0.0,0.0,0.0,32.0,0.0,0.0,29.0,8.0,0.0,321.0,0.0,0.0,32.0,0.0,0.0,5.0,0.0,133.0,0.0,30.0,12.0,64.0
2017-12-17,0.0,179.0,0.0,0.0,0.0,1250.0,2050.0,0.0,0.0,19.0,17.0,35.0,419.0,27.0,0.0,119.0,659.0,7.0,624.0,0.0,0.0,0.0,0.0,112.0,0.0,0.0,36.0,14.0,111.0,0.0,0.0,0.0,46.0,0.0,0.0,7.0,0.0,0.0,0.0,0.0,0.0,0.0,0.0,24.0,16.0,44.0,172.0,0.0,0.0,35.0,0.0,0.0,0.0,0.0,0.0,0.0,83.0,0.0,0.0,11.0,10.0,0.0,0.0,0.0,0.0,49.0,0.0,0.0,6.0,10.0,0.0,0.0,9.0,31.0,119.0
2017-12-24,0.0,0.0,7.0,0.0,0.0,800.0,950.0,1100.0,0.0,0.0,23.0,16.0,453.0,34.0,0.0,210.0,506.0,0.0,0.0,0.0,0.0,0.0,0.0,15.0,22.0,0.0,15.0,0.0,0.0,13.0,0.0,0.0,10.0,0.0,0.0,15.0,6.0,16.0,32.0,0.0,0.0,0.0,0.0,15.0,21.0,14.0,44.0,0.0,11.0,357.0,46.0,0.0,15.0,0.0,0.0,0.0,10.0,0.0,0.0,11.0,5.0,0.0,0.0,0.0,0.0,20.0,0.0,0.0,0.0,120.0,0.0,0.0,0.0,31.0,109.0
2017-12-31,0.0,0.0,0.0,0.0,0.0,450.0,0.0,800.0,0.0,26.0,4.0,0.0,54.0,0.0,0.0,15.0,303.0,0.0,0.0,0.0,0.0,0.0,0.0,111.0,8.0,0.0,0.0,6.0,0.0,168.0,0.0,0.0,5.0,0.0,0.0,17.0,7.0,0.0,35.0,0.0,0.0,0.0,0.0,0.0,39.0,5.0,0.0,0.0,0.0,20.0,26.0,0.0,19.0,0.0,0.0,0.0,0.0,4.0,0.0,0.0,0.0,0.0,0.0,0.0,0.0,31.0,0.0,0.0,0.0,8.0,12.0,0.0,13.0,25.0,52.0
2018-01-07,16.0,43.0,8.0,44.0,0.0,0.0,0.0,0.0,0.0,96.0,0.0,3.0,20.0,4.0,0.0,35.0,4242.0,0.0,0.0,0.0,0.0,0.0,0.0,0.0,29.0,0.0,8.0,0.0,18.0,126.0,0.0,0.0,342.0,0.0,0.0,56.0,0.0,0.0,0.0,0.0,0.0,0.0,0.0,0.0,0.0,7.0,0.0,0.0,0.0,52.0,0.0,0.0,0.0,0.0,0.0,7.0,0.0,0.0,0.0,0.0,7.0,0.0,0.0,0.0,0.0,8.0,0.0,0.0,0.0,0.0,45.0,0.0,8.0,28.0,71.0
2018-01-14,32.0,42.0,16.0,15.0,0.0,0.0,950.0,0.0,0.0,556.0,0.0,0.0,173.0,11.0,0.0,53.0,4159.0,0.0,0.0,0.0,0.0,0.0,0.0,131.0,25.0,0.0,18.0,0.0,78.0,0.0,0.0,0.0,177.0,0.0,0.0,85.0,0.0,0.0,9.0,9.0,0.0,0.0,0.0,32.0,0.0,39.0,0.0,0.0,0.0,176.0,0.0,0.0,139.0,0.0,0.0,0.0,0.0,0.0,0.0,0.0,27.0,0.0,0.0,0.0,13.0,41.0,0.0,0.0,0.0,9.0,14.0,0.0,38.0,31.0,84.0
2018-01-21,14.0,26.0,0.0,0.0,0.0,0.0,300.0,0.0,0.0,2080.0,6.0,296.0,504.0,0.0,0.0,109.0,4148.0,7.0,0.0,0.0,0.0,0.0,0.0,16.0,20.0,0.0,9.0,63.0,90.0,0.0,0.0,0.0,45.0,0.0,0.0,43.0,0.0,0.0,4.0,0.0,80.0,0.0,0.0,105.0,10.0,46.0,0.0,0.0,0.0,240.0,0.0,0.0,7.0,0.0,0.0,0.0,0.0,0.0,0.0,0.0,45.0,0.0,0.0,0.0,0.0,8.0,0.0,0.0,0.0,0.0,16.0,0.0,7.0,23.0,143.0
2018-01-28,7.0,72.0,0.0,0.0,0.0,0.0,0.0,0.0,0.0,1989.0,0.0,9.0,51.0,0.0,0.0,56.0,3144.0,0.0,7.0,0.0,0.0,0.0,0.0,6.0,14.0,0.0,0.0,0.0,45.0,0.0,0.0,0.0,10.0,0.0,0.0,146.0,15.0,0.0,0.0,0.0,0.0,0.0,0.0,16.0,0.0,46.0,0.0,0.0,0.0,297.0,6.0,0.0,0.0,0.0,0.0,0.0,0.0,0.0,0.0,0.0,92.0,0.0,0.0,0.0,0.0,30.0,0.0,0.0,0.0,0.0,0.0,0.0,6.0,22.0,136.0
2018-02-04,8.0,41.0,7.0,16.0,0.0,0.0,300.0,0.0,0.0,1460.0,0.0,37.0,0.0,4.0,0.0,80.0,1637.0,0.0,0.0,112.0,0.0,0.0,0.0,23.0,19.0,0.0,0.0,16.0,0.0,0.0,0.0,0.0,120.0,0.0,0.0,130.0,0.0,8.0,60.0,0.0,18.0,0.0,0.0,125.0,0.0,25.0,0.0,0.0,0.0,159.0,0.0,0.0,13.0,0.0,0.0,0.0,0.0,17.0,0.0,0.0,23.0,0.0,0.0,0.0,27.0,152.0,0.0,0.0,0.0,0.0,29.0,0.0,4.0,19.0,82.0
2018-02-11,288.0,54.0,295.0,16.0,0.0,500.0,1000.0,0.0,0.0,2730.0,6.0,30.0,0.0,0.0,0.0,57.0,1686.0,0.0,0.0,0.0,120.0,0.0,0.0,18.0,0.0,0.0,15.0,18.0,50.0,0.0,0.0,0.0,59.0,0.0,0.0,118.0,440.0,187.0,0.0,0.0,0.0,0.0,0.0,27.0,0.0,64.0,0.0,0.0,0.0,222.0,0.0,9.0,0.0,0.0,0.0,0.0,0.0,0.0,0.0,0.0,31.0,0.0,0.0,0.0,30.0,41.0,8.0,0.0,0.0,121.0,14.0,0.0,22.0,21.0,119.0
2018-02-18,38.0,40.0,406.0,334.0,0.0,800.0,1500.0,0.0,0.0,759.0,0.0,61.0,0.0,27.0,0.0,228.0,4006.0,0.0,0.0,0.0,0.0,0.0,0.0,0.0,36.0,0.0,45.0,29.0,42.0,13.0,0.0,0.0,49.0,0.0,0.0,137.0,0.0,69.0,0.0,0.0,0.0,0.0,0.0,40.0,0.0,38.0,0.0,0.0,6.0,183.0,0.0,22.0,18.0,0.0,0.0,0.0,0.0,0.0,0.0,14.0,67.0,0.0,192.0,0.0,0.0,8.0,0.0,0.0,0.0,16.0,0.0,0.0,4.0,43.0,66.0
2018-02-25,105.0,53.0,27.0,35.0,0.0,0.0,0.0,600.0,0.0,377.0,0.0,63.0,0.0,0.0,0.0,80.0,2492.0,0.0,0.0,0.0,0.0,0.0,0.0,127.0,12.0,0.0,17.0,17.0,11.0,264.0,0.0,0.0,97.0,0.0,0.0,108.0,178.0,0.0,0.0,336.0,0.0,0.0,0.0,0.0,0.0,15.0,0.0,0.0,0.0,162.0,0.0,8.0,10.0,0.0,0.0,0.0,0.0,0.0,0.0,0.0,58.0,0.0,234.0,0.0,0.0,30.0,0.0,0.0,127.0,0.0,0.0,0.0,0.0,15.0,97.0
2018-03-04,0.0,48.0,21.0,21.0,0.0,0.0,800.0,0.0,0.0,1159.0,0.0,0.0,0.0,0.0,0.0,182.0,1787.0,0.0,0.0,0.0,0.0,0.0,0.0,12.0,0.0,0.0,25.0,7.0,26.0,21.0,0.0,0.0,17.0,0.0,0.0,54.0,6.0,0.0,36.0,0.0,0.0,0.0,0.0,0.0,0.0,33.0,0.0,0.0,0.0,155.0,0.0,14.0,27.0,0.0,0.0,0.0,0.0,11.0,0.0,4.0,45.0,0.0,213.0,0.0,0.0,126.0,0.0,0.0,0.0,11.0,0.0,0.0,18.0,22.0,132.0
2018-03-11,19.0,50.0,8.0,280.0,0.0,1000.0,1100.0,800.0,0.0,1387.0,0.0,14.0,8.0,0.0,0.0,187.0,3523.0,0.0,0.0,0.0,0.0,0.0,0.0,11.0,28.0,0.0,0.0,10.0,61.0,0.0,0.0,0.0,114.0,0.0,0.0,178.0,77.0,0.0,188.0,10.0,112.0,0.0,7.0,0.0,0.0,42.0,0.0,0.0,0.0,123.0,0.0,0.0,4.0,0.0,0.0,0.0,0.0,0.0,0.0,24.0,51.0,0.0,10.0,0.0,31.0,0.0,0.0,0.0,0.0,17.0,0.0,0.0,27.0,39.0,81.0
2018-03-18,130.0,329.0,387.0,12.0,0.0,1100.0,1100.0,300.0,0.0,7180.0,0.0,14.0,29.0,10.0,0.0,196.0,2735.0,0.0,0.0,0.0,0.0,5.0,10.0,153.0,0.0,0.0,25.0,56.0,6.0,118.0,0.0,0.0,57.0,0.0,0.0,97.0,33.0,0.0,37.0,0.0,0.0,0.0,0.0,0.0,0.0,110.0,170.0,0.0,0.0,278.0,0.0,0.0,19.0,0.0,0.0,0.0,0.0,0.0,0.0,35.0,95.0,0.0,8.0,0.0,0.0,0.0,0.0,0.0,7.0,0.0,0.0,0.0,4.0,61.0,92.0
2018-03-25,135.0,67.0,126.0,0.0,0.0,800.0,800.0,700.0,100.0,25159.0,0.0,0.0,0.0,8.0,0.0,154.0,2166.0,0.0,0.0,0.0,0.0,96.0,0.0,12.0,0.0,0.0,0.0,39.0,26.0,0.0,0.0,0.0,81.0,0.0,5.0,189.0,0.0,0.0,0.0,0.0,0.0,0.0,0.0,0.0,0.0,45.0,0.0,0.0,0.0,227.0,0.0,4.0,236.0,0.0,0.0,86.0,0.0,0.0,0.0,22.0,74.0,0.0,0.0,0.0,0.0,0.0,0.0,0.0,0.0,0.0,0.0,0.0,32.0,57.0,136.0
2018-04-01,0.0,45.0,32.0,0.0,0.0,0.0,400.0,1200.0,540.0,98.0,283.0,35.0,8.0,6.0,14.0,59.0,2173.0,0.0,0.0,0.0,0.0,0.0,0.0,0.0,0.0,0.0,16.0,31.0,6.0,126.0,0.0,0.0,7.0,0.0,0.0,107.0,20.0,0.0,0.0,0.0,0.0,0.0,0.0,0.0,0.0,3.0,0.0,0.0,0.0,237.0,0.0,0.0,0.0,0.0,0.0,0.0,0.0,0.0,0.0,0.0,94.0,0.0,0.0,0.0,0.0,126.0,0.0,0.0,0.0,0.0,0.0,0.0,21.0,49.0,98.0
2018-04-08,0.0,49.0,8.0,0.0,330.0,300.0,0.0,1270.0,506.0,491.0,0.0,29.0,0.0,7.0,0.0,642.0,3428.0,0.0,0.0,0.0,0.0,0.0,0.0,0.0,0.0,0.0,23.0,16.0,40.0,81.0,0.0,0.0,55.0,0.0,0.0,126.0,120.0,0.0,0.0,0.0,0.0,0.0,0.0,0.0,0.0,21.0,0.0,0.0,0.0,99.0,12.0,18.0,550.0,0.0,0.0,0.0,0.0,0.0,0.0,0.0,41.0,0.0,0.0,0.0,0.0,207.0,0.0,0.0,0.0,0.0,0.0,0.0,3.0,51.0,129.0
2018-04-15,0.0,39.0,8.0,6.0,261.0,0.0,0.0,0.0,444.0,1042.0,0.0,12.0,0.0,360.0,0.0,547.0,1216.0,0.0,0.0,0.0,0.0,0.0,0.0,152.0,0.0,0.0,0.0,0.0,83.0,0.0,0.0,0.0,55.0,0.0,0.0,81.0,0.0,0.0,198.0,0.0,0.0,0.0,0.0,0.0,0.0,28.0,0.0,0.0,0.0,154.0,23.0,41.0,0.0,0.0,0.0,0.0,0.0,200.0,0.0,0.0,21.0,0.0,158.0,0.0,0.0,93.0,0.0,0.0,0.0,0.0,0.0,0.0,12.0,40.0,103.0
2018-04-22,0.0,33.0,7.0,0.0,0.0,0.0,0.0,0.0,0.0,258.0,0.0,7.0,0.0,0.0,0.0,207.0,716.0,0.0,0.0,0.0,4.0,0.0,0.0,0.0,0.0,0.0,26.0,0.0,24.0,0.0,0.0,0.0,0.0,0.0,0.0,105.0,21.0,0.0,0.0,0.0,0.0,0.0,0.0,0.0,0.0,54.0,0.0,0.0,0.0,144.0,0.0,19.0,0.0,0.0,0.0,0.0,0.0,0.0,0.0,0.0,0.0,0.0,471.0,0.0,86.0,51.0,0.0,8.0,6.0,6.0,0.0,0.0,12.0,41.0,123.0
2018-04-29,8.0,15.0,0.0,0.0,0.0,0.0,0.0,7.0,0.0,312.0,0.0,30.0,0.0,11.0,0.0,678.0,327.0,0.0,0.0,0.0,0.0,3.0,0.0,0.0,0.0,0.0,0.0,0.0,0.0,0.0,0.0,0.0,0.0,0.0,0.0,68.0,0.0,0.0,0.0,0.0,0.0,0.0,0.0,0.0,0.0,0.0,0.0,0.0,0.0,474.0,0.0,0.0,443.0,0.0,0.0,0.0,0.0,0.0,0.0,0.0,0.0,0.0,0.0,0.0,0.0,58.0,0.0,13.0,22.0,0.0,0.0,0.0,20.0,45.0,94.0
2018-05-06,0.0,30.0,0.0,0.0,0.0,121.0,120.0,774.0,0.0,24.0,4.0,5.0,0.0,0.0,0.0,301.0,341.0,0.0,0.0,0.0,0.0,0.0,0.0,0.0,0.0,0.0,0.0,0.0,0.0,0.0,0.0,0.0,0.0,0.0,0.0,50.0,0.0,0.0,0.0,0.0,0.0,0.0,0.0,0.0,0.0,0.0,0.0,0.0,0.0,91.0,0.0,0.0,0.0,0.0,0.0,0.0,0.0,0.0,0.0,0.0,0.0,0.0,1610.0,0.0,27.0,34.0,0.0,16.0,0.0,0.0,0.0,0.0,17.0,39.0,38.0
2018-05-13,0.0,0.0,0.0,0.0,0.0,0.0,0.0,400.0,0.0,316.0,0.0,32.0,0.0,0.0,0.0,191.0,357.0,0.0,0.0,0.0,0.0,0.0,0.0,0.0,9.0,0.0,0.0,0.0,22.0,0.0,0.0,0.0,0.0,0.0,0.0,78.0,0.0,101.0,0.0,0.0,0.0,0.0,0.0,0.0,0.0,0.0,0.0,0.0,0.0,369.0,15.0,0.0,12.0,0.0,0.0,0.0,0.0,0.0,0.0,0.0,0.0,0.0,0.0,0.0,15.0,6.0,0.0,0.0,0.0,0.0,21.0,0.0,10.0,40.0,48.0
2018-05-20,0.0,17.0,0.0,0.0,0.0,400.0,0.0,305.0,0.0,38.0,0.0,6.0,0.0,0.0,136.0,81.0,681.0,0.0,0.0,0.0,0.0,0.0,0.0,0.0,100.0,0.0,0.0,0.0,0.0,0.0,0.0,0.0,0.0,0.0,0.0,39.0,0.0,0.0,0.0,0.0,0.0,0.0,0.0,0.0,0.0,0.0,0.0,0.0,0.0,214.0,9.0,0.0,1058.0,0.0,0.0,0.0,0.0,9.0,79.0,0.0,0.0,196.0,0.0,0.0,18.0,60.0,0.0,0.0,0.0,0.0,0.0,0.0,4.0,34.0,50.0
2018-05-27,0.0,0.0,0.0,0.0,0.0,400.0,0.0,1100.0,0.0,0.0,0.0,806.0,0.0,0.0,0.0,240.0,981.0,0.0,0.0,0.0,0.0,0.0,6.0,43.0,29.0,0.0,0.0,0.0,0.0,0.0,0.0,0.0,0.0,0.0,6.0,29.0,0.0,0.0,0.0,0.0,0.0,0.0,0.0,0.0,0.0,0.0,0.0,0.0,0.0,694.0,10.0,11.0,630.0,0.0,0.0,0.0,0.0,31.0,53.0,0.0,34.0,0.0,0.0,0.0,0.0,24.0,0.0,0.0,40.0,0.0,0.0,0.0,5.0,50.0,101.0
2018-06-03,0.0,0.0,0.0,0.0,100.0,0.0,0.0,550.0,0.0,14.0,0.0,86.0,0.0,0.0,58.0,110.0,526.0,0.0,0.0,0.0,0.0,0.0,0.0,0.0,0.0,0.0,0.0,14.0,0.0,0.0,0.0,0.0,0.0,0.0,0.0,23.0,0.0,0.0,0.0,0.0,0.0,0.0,0.0,0.0,0.0,0.0,0.0,0.0,0.0,44.0,7.0,0.0,268.0,0.0,0.0,0.0,0.0,143.0,0.0,5.0,72.0,0.0,0.0,8.0,0.0,22.0,0.0,0.0,34.0,0.0,0.0,0.0,13.0,33.0,62.0
2018-06-10,0.0,0.0,0.0,0.0,100.0,0.0,0.0,300.0,500.0,414.0,0.0,61.0,0.0,0.0,0.0,393.0,621.0,0.0,0.0,0.0,0.0,5.0,3.0,0.0,0.0,0.0,0.0,0.0,15.0,0.0,0.0,0.0,0.0,0.0,4.0,32.0,15.0,0.0,0.0,0.0,0.0,0.0,0.0,0.0,0.0,0.0,0.0,0.0,9.0,153.0,34.0,0.0,141.0,0.0,0.0,0.0,0.0,0.0,0.0,0.0,70.0,0.0,0.0,25.0,0.0,11.0,0.0,0.0,11.0,0.0,0.0,0.0,4.0,36.0,92.0
2018-06-17,0.0,0.0,0.0,0.0,154.0,0.0,100.0,720.0,416.0,444.0,0.0,50.0,0.0,0.0,0.0,156.0,1390.0,0.0,0.0,0.0,0.0,31.0,0.0,9.0,0.0,0.0,0.0,23.0,43.0,0.0,0.0,0.0,0.0,0.0,0.0,23.0,0.0,0.0,0.0,0.0,0.0,0.0,0.0,0.0,0.0,0.0,0.0,0.0,0.0,256.0,0.0,118.0,0.0,4.0,0.0,0.0,0.0,12.0,21.0,0.0,42.0,17.0,0.0,0.0,7.0,0.0,0.0,0.0,41.0,0.0,5.0,0.0,0.0,25.0,35.0
2018-06-24,85.0,47.0,45.0,0.0,189.0,0.0,550.0,0.0,0.0,245.0,0.0,115.0,54.0,0.0,72.0,202.0,862.0,0.0,0.0,0.0,0.0,0.0,0.0,16.0,3.0,0.0,0.0,0.0,0.0,0.0,0.0,0.0,0.0,0.0,0.0,6.0,15.0,0.0,0.0,0.0,0.0,0.0,0.0,0.0,0.0,0.0,0.0,0.0,0.0,196.0,4.0,80.0,733.0,0.0,0.0,0.0,0.0,77.0,0.0,0.0,45.0,153.0,0.0,0.0,0.0,0.0,9.0,0.0,21.0,0.0,0.0,0.0,30.0,45.0,52.0
2018-07-01,72.0,0.0,205.0,0.0,300.0,300.0,700.0,300.0,354.0,435.0,0.0,0.0,61.0,5.0,19.0,170.0,535.0,0.0,0.0,0.0,0.0,0.0,0.0,9.0,0.0,0.0,0.0,0.0,0.0,0.0,0.0,0.0,0.0,0.0,0.0,15.0,1831.0,0.0,0.0,13.0,6.0,0.0,0.0,0.0,0.0,0.0,0.0,0.0,0.0,55.0,0.0,0.0,168.0,11.0,0.0,0.0,0.0,0.0,0.0,0.0,18.0,39.0,0.0,0.0,0.0,0.0,0.0,0.0,0.0,0.0,0.0,0.0,5.0,24.0,24.0
2018-07-08,0.0,0.0,21.0,0.0,100.0,400.0,300.0,850.0,0.0,637.0,9.0,81.0,4.0,4.0,0.0,180.0,414.0,0.0,0.0,0.0,0.0,0.0,0.0,17.0,43.0,0.0,0.0,30.0,46.0,0.0,0.0,0.0,0.0,0.0,0.0,20.0,15.0,0.0,0.0,0.0,0.0,0.0,0.0,0.0,0.0,0.0,0.0,0.0,0.0,50.0,11.0,0.0,586.0,16.0,0.0,0.0,0.0,0.0,0.0,0.0,22.0,0.0,0.0,48.0,25.0,0.0,0.0,0.0,0.0,0.0,0.0,0.0,0.0,26.0,24.0
2018-07-15,167.0,0.0,0.0,0.0,309.0,550.0,500.0,1000.0,430.0,187.0,0.0,101.0,5.0,5.0,223.0,280.0,465.0,0.0,0.0,0.0,0.0,0.0,0.0,24.0,0.0,0.0,0.0,7.0,27.0,0.0,0.0,0.0,0.0,0.0,0.0,20.0,0.0,0.0,0.0,0.0,0.0,0.0,0.0,0.0,0.0,0.0,0.0,0.0,0.0,62.0,52.0,0.0,655.0,0.0,0.0,0.0,0.0,0.0,0.0,0.0,19.0,585.0,0.0,0.0,65.0,0.0,0.0,0.0,36.0,0.0,0.0,0.0,6.0,37.0,25.0
2018-07-22,0.0,0.0,1812.0,380.0,109.0,0.0,0.0,300.0,0.0,16.0,4.0,37.0,59.0,10.0,0.0,154.0,476.0,0.0,0.0,0.0,0.0,0.0,0.0,0.0,0.0,0.0,0.0,32.0,0.0,0.0,0.0,0.0,0.0,0.0,0.0,14.0,720.0,0.0,0.0,0.0,0.0,0.0,0.0,0.0,0.0,0.0,0.0,0.0,0.0,155.0,21.0,0.0,372.0,0.0,0.0,0.0,161.0,0.0,0.0,0.0,22.0,0.0,0.0,0.0,117.0,0.0,0.0,0.0,58.0,0.0,0.0,0.0,4.0,11.0,41.0
2018-07-29,0.0,7.0,0.0,70.0,159.0,0.0,0.0,0.0,138.0,80.0,38.0,14.0,120.0,74.0,0.0,147.0,621.0,0.0,0.0,0.0,0.0,0.0,0.0,0.0,5.0,0.0,0.0,14.0,0.0,0.0,0.0,0.0,0.0,0.0,0.0,44.0,0.0,0.0,0.0,4.0,0.0,0.0,0.0,0.0,77.0,6.0,0.0,0.0,11.0,258.0,7.0,0.0,139.0,0.0,0.0,0.0,14.0,0.0,0.0,0.0,72.0,0.0,0.0,0.0,49.0,0.0,0.0,0.0,13.0,0.0,13.0,0.0,0.0,26.0,50.0
2018-08-05,0.0,0.0,0.0,105.0,100.0,0.0,0.0,0.0,123.0,337.0,17.0,41.0,0.0,0.0,47.0,71.0,504.0,0.0,0.0,0.0,0.0,0.0,0.0,0.0,5.0,0.0,17.0,0.0,35.0,0.0,0.0,0.0,0.0,0.0,0.0,39.0,0.0,0.0,0.0,8.0,0.0,0.0,0.0,0.0,0.0,4.0,0.0,0.0,0.0,279.0,0.0,0.0,0.0,0.0,0.0,0.0,67.0,0.0,0.0,0.0,20.0,0.0,0.0,149.0,27.0,34.0,0.0,0.0,42.0,0.0,10.0,0.0,0.0,13.0,51.0
2018-08-12,0.0,0.0,0.0,8.0,0.0,0.0,300.0,0.0,0.0,154.0,0.0,43.0,0.0,4.0,44.0,176.0,128.0,0.0,0.0,0.0,0.0,0.0,0.0,15.0,0.0,0.0,29.0,33.0,124.0,0.0,0.0,0.0,18.0,0.0,0.0,50.0,0.0,0.0,0.0,0.0,0.0,0.0,0.0,0.0,0.0,51.0,0.0,0.0,0.0,915.0,9.0,0.0,11.0,0.0,0.0,0.0,103.0,0.0,0.0,0.0,77.0,0.0,0.0,140.0,55.0,0.0,0.0,0.0,38.0,11.0,25.0,0.0,0.0,16.0,45.0
2018-08-19,0.0,0.0,0.0,0.0,0.0,0.0,0.0,0.0,0.0,12.0,16.0,11.0,0.0,24.0,0.0,130.0,410.0,0.0,0.0,0.0,0.0,0.0,0.0,18.0,0.0,0.0,22.0,35.0,18.0,63.0,0.0,0.0,14.0,0.0,0.0,37.0,0.0,0.0,0.0,0.0,0.0,0.0,0.0,0.0,82.0,9.0,0.0,0.0,0.0,520.0,7.0,0.0,4.0,0.0,0.0,0.0,0.0,0.0,0.0,0.0,77.0,51.0,0.0,0.0,29.0,9.0,0.0,0.0,8.0,0.0,0.0,0.0,21.0,16.0,19.0
2018-08-26,0.0,0.0,0.0,0.0,0.0,0.0,0.0,0.0,0.0,26.0,0.0,0.0,0.0,5.0,0.0,124.0,279.0,0.0,0.0,0.0,0.0,0.0,0.0,0.0,0.0,0.0,11.0,29.0,9.0,31.0,31.0,0.0,23.0,0.0,0.0,44.0,0.0,0.0,0.0,0.0,0.0,0.0,0.0,0.0,0.0,32.0,0.0,0.0,0.0,380.0,23.0,0.0,0.0,0.0,0.0,0.0,0.0,0.0,0.0,0.0,38.0,0.0,0.0,0.0,30.0,15.0,0.0,0.0,28.0,0.0,0.0,0.0,15.0,5.0,40.0
2018-09-02,0.0,29.0,148.0,42.0,0.0,0.0,0.0,0.0,109.0,30.0,18.0,39.0,0.0,44.0,0.0,36.0,226.0,0.0,0.0,0.0,0.0,0.0,0.0,9.0,0.0,0.0,5.0,9.0,0.0,16.0,0.0,0.0,38.0,0.0,0.0,36.0,0.0,0.0,0.0,0.0,0.0,0.0,0.0,0.0,64.0,18.0,0.0,0.0,0.0,351.0,11.0,0.0,0.0,0.0,0.0,0.0,0.0,0.0,0.0,0.0,44.0,0.0,0.0,0.0,36.0,49.0,0.0,0.0,0.0,0.0,6.0,0.0,0.0,10.0,58.0
2018-09-09,0.0,8.0,18.0,0.0,583.0,0.0,500.0,450.0,361.0,14.0,0.0,12.0,0.0,0.0,0.0,151.0,940.0,0.0,0.0,0.0,0.0,0.0,0.0,10.0,11.0,0.0,20.0,12.0,22.0,0.0,0.0,0.0,20.0,0.0,0.0,58.0,0.0,0.0,0.0,0.0,0.0,0.0,0.0,0.0,11.0,27.0,0.0,0.0,0.0,102.0,32.0,0.0,0.0,0.0,0.0,0.0,0.0,0.0,0.0,15.0,47.0,0.0,0.0,0.0,9.0,32.0,0.0,0.0,22.0,0.0,0.0,0.0,0.0,5.0,77.0
2018-09-16,0.0,0.0,70.0,0.0,0.0,0.0,300.0,0.0,0.0,29.0,16.0,17.0,0.0,0.0,0.0,207.0,601.0,0.0,0.0,0.0,0.0,0.0,0.0,0.0,0.0,0.0,7.0,47.0,28.0,39.0,63.0,0.0,31.0,0.0,0.0,25.0,0.0,0.0,0.0,0.0,0.0,0.0,0.0,0.0,0.0,22.0,0.0,0.0,0.0,175.0,5.0,0.0,234.0,0.0,0.0,0.0,0.0,0.0,0.0,0.0,101.0,10.0,0.0,172.0,20.0,0.0,0.0,0.0,60.0,0.0,0.0,0.0,0.0,11.0,78.0
2018-09-23,0.0,0.0,74.0,0.0,0.0,0.0,0.0,400.0,0.0,22.0,41.0,171.0,0.0,28.0,0.0,93.0,589.0,0.0,0.0,0.0,0.0,0.0,0.0,6.0,9.0,0.0,4.0,25.0,0.0,0.0,0.0,0.0,11.0,0.0,0.0,81.0,0.0,30.0,0.0,0.0,0.0,0.0,0.0,0.0,0.0,15.0,0.0,0.0,0.0,157.0,5.0,0.0,249.0,0.0,0.0,0.0,8.0,0.0,10.0,47.0,60.0,0.0,0.0,9.0,21.0,0.0,0.0,0.0,56.0,0.0,0.0,0.0,0.0,10.0,90.0
2018-09-30,148.0,9.0,26.0,57.0,226.0,0.0,0.0,0.0,0.0,609.0,8.0,0.0,112.0,7.0,98.0,134.0,382.0,0.0,0.0,0.0,0.0,0.0,0.0,0.0,0.0,0.0,27.0,9.0,27.0,65.0,0.0,0.0,70.0,0.0,0.0,72.0,0.0,0.0,0.0,0.0,0.0,0.0,0.0,0.0,0.0,0.0,0.0,0.0,0.0,147.0,6.0,0.0,236.0,0.0,0.0,0.0,0.0,0.0,0.0,39.0,80.0,0.0,0.0,0.0,20.0,0.0,0.0,0.0,100.0,11.0,6.0,0.0,0.0,9.0,84.0
2018-10-07,193.0,158.0,0.0,0.0,0.0,0.0,800.0,0.0,234.0,528.0,0.0,0.0,0.0,0.0,0.0,237.0,565.0,0.0,0.0,0.0,0.0,0.0,0.0,0.0,0.0,0.0,0.0,0.0,4.0,0.0,0.0,0.0,28.0,0.0,0.0,139.0,0.0,0.0,0.0,0.0,0.0,0.0,0.0,0.0,0.0,15.0,0.0,0.0,0.0,138.0,0.0,0.0,184.0,0.0,0.0,0.0,0.0,44.0,0.0,35.0,90.0,0.0,0.0,9.0,15.0,51.0,0.0,0.0,178.0,0.0,0.0,0.0,0.0,4.0,53.0
2018-10-14,0.0,0.0,5.0,0.0,0.0,0.0,0.0,0.0,0.0,214.0,14.0,36.0,0.0,0.0,84.0,146.0,151.0,0.0,0.0,0.0,0.0,0.0,0.0,0.0,0.0,0.0,14.0,0.0,0.0,0.0,0.0,0.0,28.0,0.0,5.0,168.0,0.0,0.0,0.0,0.0,0.0,0.0,0.0,0.0,0.0,41.0,0.0,0.0,0.0,156.0,6.0,0.0,498.0,0.0,0.0,0.0,0.0,10.0,0.0,41.0,56.0,0.0,0.0,56.0,12.0,47.0,0.0,0.0,148.0,22.0,10.0,0.0,0.0,0.0,78.0
2018-10-21,13.0,80.0,39.0,0.0,258.0,300.0,300.0,500.0,0.0,273.0,18.0,105.0,11.0,0.0,65.0,537.0,390.0,0.0,0.0,0.0,550.0,0.0,730.0,0.0,0.0,0.0,0.0,0.0,56.0,0.0,0.0,0.0,41.0,0.0,0.0,88.0,12.0,0.0,0.0,0.0,0.0,0.0,0.0,0.0,0.0,6.0,0.0,0.0,0.0,447.0,76.0,0.0,1062.0,0.0,0.0,0.0,0.0,0.0,142.0,0.0,53.0,0.0,0.0,0.0,17.0,16.0,0.0,0.0,110.0,29.0,19.0,0.0,0.0,17.0,80.0
2018-10-28,0.0,93.0,73.0,102.0,0.0,7.0,500.0,300.0,0.0,483.0,22.0,174.0,287.0,11.0,7.0,166.0,198.0,0.0,0.0,0.0,0.0,0.0,0.0,0.0,6.0,0.0,17.0,0.0,50.0,0.0,0.0,0.0,45.0,0.0,0.0,93.0,0.0,0.0,0.0,0.0,0.0,0.0,0.0,0.0,0.0,7.0,0.0,0.0,0.0,205.0,98.0,0.0,631.0,0.0,0.0,0.0,0.0,0.0,0.0,11.0,44.0,0.0,0.0,0.0,0.0,9.0,0.0,0.0,78.0,0.0,0.0,120.0,0.0,0.0,39.0
2018-11-04,157.0,4.0,130.0,0.0,0.0,126.0,500.0,703.0,0.0,237.0,2.0,122.0,6.0,15.0,0.0,403.0,625.0,0.0,0.0,0.0,0.0,0.0,0.0,0.0,0.0,0.0,0.0,0.0,0.0,0.0,0.0,0.0,37.0,0.0,0.0,231.0,0.0,0.0,0.0,7.0,0.0,0.0,0.0,0.0,0.0,7.0,0.0,0.0,0.0,65.0,17.0,0.0,474.0,0.0,0.0,0.0,0.0,0.0,21.0,0.0,15.0,0.0,0.0,0.0,0.0,0.0,0.0,0.0,72.0,0.0,0.0,0.0,0.0,9.0,91.0
2018-11-11,122.0,53.0,91.0,0.0,209.0,537.0,300.0,310.0,0.0,333.0,0.0,286.0,17.0,13.0,0.0,138.0,378.0,0.0,0.0,0.0,0.0,0.0,0.0,0.0,0.0,0.0,159.0,12.0,100.0,36.0,5.0,0.0,58.0,0.0,0.0,222.0,0.0,0.0,44.0,0.0,0.0,0.0,0.0,0.0,0.0,15.0,0.0,0.0,0.0,61.0,5.0,0.0,0.0,0.0,0.0,0.0,0.0,0.0,0.0,17.0,59.0,0.0,0.0,44.0,0.0,0.0,0.0,0.0,39.0,0.0,0.0,0.0,0.0,0.0,63.0
2018-11-18,0.0,0.0,125.0,0.0,0.0,350.0,0.0,700.0,350.0,52.0,21.0,4.0,0.0,2.0,78.0,266.0,293.0,0.0,0.0,0.0,0.0,0.0,0.0,0.0,0.0,0.0,0.0,7.0,41.0,0.0,0.0,0.0,20.0,0.0,0.0,52.0,0.0,0.0,0.0,7.0,0.0,5.0,0.0,0.0,0.0,14.0,0.0,0.0,0.0,188.0,33.0,12.0,9.0,0.0,0.0,0.0,0.0,0.0,61.0,10.0,4.0,0.0,0.0,7.0,0.0,23.0,0.0,0.0,43.0,0.0,0.0,0.0,0.0,0.0,27.0
2018-11-25,323.0,0.0,78.0,0.0,0.0,0.0,0.0,0.0,0.0,555.0,17.0,60.0,0.0,21.0,77.0,163.0,358.0,0.0,0.0,0.0,0.0,0.0,0.0,0.0,0.0,0.0,0.0,31.0,25.0,0.0,1200.0,0.0,30.0,0.0,4.0,61.0,0.0,0.0,3.0,0.0,0.0,0.0,0.0,0.0,0.0,21.0,0.0,0.0,0.0,136.0,0.0,0.0,28.0,0.0,0.0,0.0,0.0,0.0,0.0,43.0,5.0,0.0,0.0,0.0,0.0,0.0,0.0,0.0,87.0,9.0,636.0,0.0,0.0,0.0,21.0
2018-12-02,35.0,51.0,0.0,0.0,0.0,2139.0,0.0,0.0,0.0,304.0,0.0,0.0,0.0,0.0,367.0,66.0,612.0,0.0,0.0,0.0,0.0,0.0,0.0,0.0,0.0,0.0,0.0,16.0,0.0,77.0,0.0,0.0,26.0,0.0,0.0,9.0,216.0,0.0,0.0,0.0,0.0,0.0,0.0,0.0,0.0,20.0,0.0,0.0,0.0,97.0,25.0,0.0,16.0,0.0,0.0,0.0,0.0,0.0,0.0,12.0,13.0,0.0,0.0,0.0,0.0,0.0,0.0,0.0,63.0,0.0,0.0,0.0,0.0,6.0,66.0
2018-12-09,100.0,56.0,26.0,6.0,0.0,0.0,0.0,0.0,0.0,103.0,0.0,6.0,0.0,0.0,18.0,144.0,376.0,0.0,0.0,0.0,280.0,0.0,154.0,0.0,0.0,0.0,0.0,8.0,24.0,0.0,0.0,0.0,24.0,0.0,0.0,66.0,0.0,0.0,0.0,0.0,0.0,0.0,0.0,0.0,0.0,10.0,0.0,0.0,0.0,95.0,0.0,76.0,12.0,0.0,0.0,0.0,0.0,0.0,7.0,0.0,22.0,60.0,0.0,0.0,0.0,66.0,0.0,0.0,38.0,62.0,9.0,0.0,11.0,6.0,75.0
2018-12-16,129.0,55.0,31.0,7.0,0.0,14.0,0.0,20.0,0.0,253.0,6.0,346.0,223.0,20.0,282.0,139.0,210.0,0.0,0.0,0.0,0.0,0.0,105.0,0.0,0.0,0.0,25.0,8.0,0.0,5.0,132.0,0.0,5.0,0.0,0.0,134.0,0.0,0.0,0.0,0.0,0.0,0.0,0.0,0.0,0.0,4.0,161.0,0.0,0.0,126.0,11.0,15.0,8.0,6.0,0.0,0.0,0.0,0.0,77.0,0.0,0.0,134.0,0.0,0.0,10.0,123.0,0.0,0.0,31.0,12.0,18.0,6.0,0.0,0.0,48.0
2018-12-23,133.0,43.0,0.0,6.0,0.0,0.0,0.0,0.0,0.0,359.0,6.0,206.0,30.0,12.0,162.0,210.0,168.0,0.0,0.0,0.0,0.0,0.0,0.0,0.0,0.0,0.0,19.0,18.0,11.0,0.0,0.0,0.0,31.0,0.0,0.0,143.0,9.0,0.0,0.0,39.0,0.0,0.0,0.0,0.0,0.0,28.0,0.0,0.0,0.0,185.0,28.0,0.0,9.0,0.0,0.0,0.0,27.0,0.0,79.0,0.0,0.0,263.0,0.0,0.0,40.0,114.0,0.0,7.0,22.0,63.0,0.0,0.0,0.0,5.0,95.0
2018-12-30,46.0,13.0,0.0,26.0,0.0,0.0,0.0,0.0,0.0,52.0,0.0,0.0,7.0,27.0,79.0,24.0,183.0,0.0,0.0,0.0,0.0,6.0,0.0,0.0,0.0,0.0,16.0,9.0,40.0,6.0,0.0,0.0,0.0,5.0,0.0,33.0,0.0,0.0,0.0,0.0,0.0,0.0,0.0,0.0,0.0,24.0,0.0,0.0,0.0,194.0,41.0,0.0,30.0,0.0,0.0,0.0,0.0,0.0,0.0,7.0,0.0,153.0,0.0,0.0,0.0,106.0,0.0,0.0,16.0,0.0,0.0,0.0,0.0,0.0,71.0
2019-01-06,0.0,0.0,0.0,0.0,0.0,20.0,0.0,0.0,0.0,0.0,0.0,0.0,0.0,0.0,0.0,0.0,12.0,0.0,0.0,0.0,0.0,0.0,0.0,0.0,0.0,0.0,0.0,0.0,0.0,0.0,0.0,0.0,0.0,0.0,0.0,12.0,0.0,0.0,0.0,0.0,0.0,0.0,0.0,0.0,0.0,17.0,0.0,0.0,0.0,0.0,0.0,0.0,0.0,0.0,0.0,0.0,0.0,0.0,0.0,0.0,6.0,0.0,0.0,0.0,0.0,19.0,0.0,0.0,0.0,0.0,0.0,0.0,0.0,0.0,0.0
2019-01-13,0.0,25.0,0.0,0.0,0.0,12.0,14.0,12.0,0.0,242.0,0.0,0.0,0.0,0.0,0.0,160.0,359.0,0.0,0.0,0.0,0.0,0.0,0.0,0.0,0.0,0.0,0.0,9.0,0.0,0.0,0.0,0.0,0.0,0.0,0.0,76.0,0.0,0.0,0.0,0.0,0.0,0.0,0.0,0.0,0.0,0.0,0.0,0.0,0.0,88.0,23.0,0.0,0.0,14.0,0.0,0.0,0.0,0.0,0.0,21.0,14.0,0.0,0.0,0.0,0.0,65.0,0.0,0.0,16.0,0.0,0.0,0.0,0.0,5.0,55.0
2019-01-20,21.0,81.0,58.0,20.0,0.0,17.0,17.0,71.0,0.0,56.0,0.0,15.0,0.0,3.0,0.0,54.0,75.0,0.0,0.0,0.0,0.0,0.0,0.0,19.0,0.0,0.0,18.0,36.0,38.0,27.0,0.0,0.0,51.0,0.0,4.0,143.0,0.0,0.0,18.0,0.0,0.0,0.0,0.0,0.0,0.0,30.0,0.0,0.0,0.0,212.0,27.0,0.0,7.0,9.0,0.0,0.0,0.0,10.0,0.0,10.0,17.0,0.0,0.0,0.0,0.0,0.0,0.0,0.0,0.0,0.0,0.0,0.0,0.0,6.0,85.0
2019-01-27,0.0,0.0,0.0,14.0,0.0,150.0,14.0,0.0,0.0,32.0,0.0,84.0,0.0,11.0,0.0,125.0,110.0,0.0,0.0,0.0,0.0,0.0,0.0,0.0,0.0,0.0,13.0,48.0,0.0,33.0,0.0,0.0,22.0,0.0,0.0,45.0,0.0,0.0,0.0,160.0,0.0,0.0,0.0,0.0,0.0,24.0,0.0,0.0,0.0,188.0,39.0,0.0,27.0,0.0,0.0,0.0,0.0,0.0,0.0,135.0,45.0,22.0,0.0,0.0,0.0,0.0,0.0,0.0,5.0,0.0,0.0,0.0,5.0,0.0,74.0
2019-02-03,0.0,75.0,0.0,0.0,0.0,19.0,0.0,0.0,0.0,469.0,33.0,89.0,16.0,10.0,0.0,167.0,174.0,0.0,0.0,0.0,0.0,0.0,0.0,8.0,0.0,0.0,51.0,32.0,27.0,0.0,677.0,0.0,22.0,0.0,0.0,43.0,0.0,0.0,20.0,0.0,0.0,0.0,0.0,0.0,0.0,14.0,0.0,0.0,0.0,78.0,53.0,0.0,15.0,7.0,0.0,0.0,0.0,0.0,0.0,41.0,35.0,51.0,0.0,0.0,0.0,0.0,0.0,0.0,5.0,0.0,22.0,0.0,0.0,0.0,89.0
2019-02-10,21.0,26.0,0.0,0.0,0.0,16.0,16.0,0.0,0.0,1856.0,6.0,21.0,0.0,11.0,156.0,158.0,597.0,0.0,0.0,0.0,0.0,0.0,0.0,0.0,0.0,0.0,0.0,11.0,0.0,0.0,508.0,0.0,27.0,0.0,0.0,38.0,75.0,0.0,0.0,0.0,0.0,0.0,0.0,0.0,0.0,33.0,0.0,0.0,0.0,129.0,14.0,0.0,0.0,6.0,0.0,0.0,0.0,0.0,0.0,0.0,4.0,286.0,0.0,0.0,0.0,0.0,0.0,0.0,0.0,0.0,5.0,0.0,0.0,0.0,69.0
2019-02-17,27.0,0.0,13.0,0.0,513.0,45.0,277.0,159.0,1350.0,1185.0,0.0,137.0,0.0,0.0,0.0,117.0,471.0,0.0,0.0,0.0,0.0,32.0,0.0,15.0,0.0,0.0,132.0,25.0,7.0,0.0,207.0,0.0,14.0,0.0,0.0,154.0,102.0,0.0,0.0,0.0,0.0,0.0,0.0,0.0,0.0,65.0,0.0,0.0,0.0,127.0,26.0,0.0,9.0,12.0,0.0,0.0,0.0,0.0,0.0,5.0,40.0,0.0,0.0,0.0,0.0,81.0,0.0,0.0,11.0,0.0,6.0,0.0,0.0,0.0,71.0
2019-02-24,62.0,69.0,17.0,16.0,0.0,53.0,0.0,29.0,139.0,340.0,17.0,55.0,0.0,0.0,116.0,164.0,205.0,0.0,3.0,0.0,0.0,0.0,0.0,133.0,0.0,0.0,21.0,34.0,52.0,26.0,0.0,0.0,22.0,0.0,0.0,46.0,32.0,0.0,0.0,0.0,0.0,0.0,0.0,0.0,0.0,153.0,0.0,0.0,89.0,225.0,41.0,0.0,8.0,0.0,0.0,0.0,0.0,0.0,0.0,31.0,56.0,44.0,0.0,0.0,0.0,33.0,0.0,0.0,47.0,11.0,24.0,0.0,0.0,0.0,91.0
2019-03-03,25.0,0.0,0.0,29.0,0.0,0.0,132.0,14.0,0.0,253.0,36.0,15.0,0.0,0.0,10.0,175.0,118.0,0.0,0.0,0.0,0.0,4.0,0.0,17.0,0.0,0.0,60.0,23.0,24.0,0.0,0.0,185.0,0.0,0.0,0.0,257.0,0.0,0.0,0.0,0.0,0.0,0.0,0.0,0.0,0.0,66.0,0.0,0.0,57.0,279.0,42.0,7.0,36.0,0.0,0.0,0.0,0.0,0.0,74.0,54.0,179.0,560.0,0.0,0.0,0.0,24.0,0.0,0.0,49.0,51.0,5.0,0.0,0.0,0.0,15.0
2019-03-10,0.0,7.0,154.0,37.0,0.0,33.0,340.0,270.0,0.0,8.0,9.0,13.0,7.0,0.0,212.0,447.0,286.0,0.0,0.0,0.0,0.0,34.0,0.0,25.0,7.0,0.0,0.0,20.0,0.0,0.0,0.0,0.0,0.0,6.0,0.0,140.0,0.0,0.0,0.0,29.0,0.0,0.0,0.0,0.0,0.0,49.0,0.0,0.0,0.0,222.0,33.0,17.0,171.0,0.0,0.0,0.0,0.0,0.0,0.0,18.0,126.0,41.0,0.0,0.0,0.0,103.0,0.0,0.0,24.0,0.0,6.0,0.0,0.0,0.0,30.0
2019-03-17,12.0,114.0,63.0,0.0,233.0,139.0,356.0,338.0,203.0,13.0,0.0,268.0,18.0,9.0,0.0,32.0,281.0,0.0,0.0,0.0,0.0,8.0,0.0,36.0,0.0,0.0,10.0,40.0,26.0,0.0,129.0,0.0,53.0,12.0,0.0,134.0,45.0,0.0,13.0,0.0,0.0,0.0,0.0,0.0,0.0,71.0,0.0,0.0,0.0,409.0,31.0,6.0,38.0,0.0,0.0,0.0,0.0,0.0,290.0,15.0,267.0,550.0,0.0,21.0,0.0,964.0,0.0,0.0,18.0,31.0,19.0,0.0,16.0,0.0,55.0
2019-03-24,82.0,18.0,0.0,118.0,330.0,12.0,14.0,20.0,0.0,71.0,19.0,70.0,4.0,15.0,0.0,290.0,240.0,0.0,0.0,0.0,0.0,0.0,0.0,75.0,18.0,0.0,35.0,37.0,49.0,54.0,0.0,0.0,114.0,11.0,0.0,76.0,57.0,0.0,0.0,0.0,34.0,0.0,0.0,0.0,0.0,56.0,0.0,0.0,0.0,379.0,10.0,10.0,26.0,0.0,0.0,0.0,0.0,0.0,0.0,27.0,414.0,0.0,0.0,0.0,12.0,181.0,0.0,0.0,0.0,0.0,17.0,0.0,0.0,0.0,47.0
2019-03-31,72.0,0.0,136.0,8.0,0.0,36.0,180.0,0.0,0.0,183.0,30.0,47.0,0.0,0.0,0.0,349.0,136.0,0.0,0.0,0.0,0.0,0.0,0.0,38.0,40.0,0.0,17.0,33.0,0.0,0.0,50.0,0.0,72.0,12.0,0.0,84.0,32.0,0.0,134.0,0.0,0.0,0.0,0.0,0.0,0.0,150.0,0.0,0.0,0.0,339.0,33.0,0.0,16.0,0.0,0.0,0.0,0.0,0.0,0.0,41.0,49.0,0.0,0.0,0.0,5.0,17.0,0.0,0.0,40.0,0.0,17.0,0.0,3.0,0.0,58.0
2019-04-07,51.0,0.0,0.0,0.0,0.0,0.0,0.0,0.0,0.0,77.0,0.0,0.0,0.0,0.0,0.0,0.0,282.0,0.0,0.0,0.0,0.0,22.0,0.0,28.0,15.0,0.0,18.0,33.0,0.0,0.0,0.0,0.0,5.0,0.0,0.0,42.0,44.0,0.0,18.0,0.0,0.0,0.0,0.0,0.0,42.0,344.0,0.0,0.0,0.0,23.0,0.0,0.0,5.0,0.0,0.0,0.0,0.0,0.0,0.0,125.0,125.0,0.0,0.0,0.0,15.0,9.0,0.0,0.0,38.0,0.0,15.0,0.0,0.0,0.0,34.0
2019-04-14,24.0,101.0,0.0,0.0,513.0,138.0,20.0,28.0,890.0,15.0,0.0,0.0,0.0,0.0,0.0,210.0,248.0,8.0,0.0,0.0,0.0,65.0,0.0,74.0,18.0,0.0,28.0,7.0,0.0,0.0,0.0,0.0,76.0,0.0,0.0,145.0,0.0,0.0,0.0,0.0,29.0,0.0,0.0,0.0,0.0,80.0,0.0,0.0,0.0,0.0,0.0,0.0,0.0,0.0,0.0,0.0,18.0,0.0,0.0,8.0,129.0,0.0,0.0,0.0,48.0,459.0,0.0,0.0,54.0,12.0,19.0,0.0,0.0,0.0,20.0
2019-04-21,1279.0,153.0,16.0,27.0,0.0,0.0,14.0,16.0,189.0,5.0,6.0,0.0,5.0,5.0,0.0,194.0,172.0,0.0,0.0,0.0,0.0,48.0,0.0,47.0,32.0,0.0,0.0,54.0,48.0,0.0,0.0,0.0,36.0,0.0,4.0,112.0,77.0,0.0,44.0,0.0,0.0,0.0,0.0,0.0,0.0,24.0,0.0,0.0,0.0,56.0,11.0,0.0,0.0,0.0,0.0,0.0,0.0,0.0,0.0,22.0,138.0,29.0,0.0,0.0,28.0,163.0,0.0,0.0,31.0,0.0,11.0,0.0,0.0,0.0,42.0
2019-04-28,252.0,24.0,23.0,7.0,150.0,340.0,420.0,150.0,246.0,51.0,0.0,4.0,0.0,30.0,0.0,177.0,84.0,0.0,0.0,0.0,0.0,0.0,0.0,44.0,42.0,0.0,0.0,45.0,81.0,0.0,0.0,0.0,43.0,0.0,0.0,40.0,45.0,0.0,0.0,0.0,0.0,0.0,0.0,5.0,28.0,129.0,0.0,0.0,0.0,63.0,125.0,71.0,0.0,0.0,0.0,0.0,0.0,0.0,102.0,28.0,53.0,867.0,0.0,0.0,44.0,50.0,0.0,0.0,34.0,0.0,0.0,0.0,0.0,0.0,30.0
2019-05-05,28.0,0.0,0.0,0.0,0.0,0.0,13.0,0.0,236.0,54.0,0.0,0.0,0.0,24.0,0.0,106.0,172.0,0.0,0.0,0.0,0.0,47.0,0.0,84.0,13.0,0.0,0.0,0.0,22.0,216.0,0.0,0.0,10.0,0.0,0.0,11.0,44.0,0.0,29.0,0.0,0.0,0.0,0.0,0.0,20.0,195.0,0.0,0.0,0.0,109.0,29.0,39.0,0.0,0.0,0.0,0.0,0.0,0.0,88.0,28.0,96.0,0.0,0.0,0.0,25.0,16.0,0.0,0.0,21.0,0.0,0.0,0.0,0.0,0.0,38.0
2019-05-12,36.0,34.0,0.0,0.0,160.0,15.0,15.0,0.0,100.0,64.0,0.0,5.0,0.0,10.0,0.0,393.0,307.0,0.0,0.0,0.0,0.0,68.0,1500.0,74.0,6.0,0.0,0.0,37.0,0.0,0.0,108.0,0.0,5.0,0.0,0.0,38.0,0.0,0.0,47.0,0.0,60.0,0.0,0.0,0.0,25.0,97.0,0.0,0.0,0.0,210.0,34.0,0.0,0.0,0.0,0.0,0.0,0.0,0.0,0.0,0.0,182.0,0.0,0.0,0.0,41.0,231.0,0.0,0.0,0.0,0.0,0.0,0.0,10.0,0.0,48.0
2019-05-19,44.0,17.0,145.0,0.0,0.0,13.0,14.0,244.0,145.0,63.0,0.0,33.0,0.0,44.0,0.0,205.0,66.0,0.0,0.0,0.0,28.0,6.0,0.0,64.0,0.0,0.0,0.0,14.0,0.0,0.0,528.0,0.0,10.0,0.0,0.0,77.0,0.0,0.0,0.0,0.0,0.0,0.0,0.0,0.0,0.0,177.0,0.0,0.0,0.0,219.0,88.0,5.0,0.0,0.0,0.0,0.0,0.0,0.0,143.0,0.0,192.0,298.0,0.0,0.0,58.0,72.0,0.0,0.0,0.0,0.0,0.0,0.0,9.0,0.0,36.0
2019-05-26,192.0,0.0,0.0,0.0,0.0,158.0,129.0,19.0,0.0,13.0,6.0,31.0,0.0,20.0,0.0,214.0,240.0,0.0,0.0,0.0,0.0,0.0,0.0,42.0,0.0,0.0,0.0,65.0,0.0,0.0,0.0,0.0,45.0,0.0,0.0,57.0,0.0,0.0,0.0,27.0,0.0,0.0,0.0,0.0,0.0,152.0,0.0,0.0,6.0,293.0,45.0,40.0,0.0,0.0,0.0,0.0,0.0,0.0,175.0,7.0,73.0,351.0,0.0,0.0,43.0,0.0,0.0,0.0,0.0,0.0,0.0,0.0,0.0,0.0,17.0
2019-06-02,6.0,0.0,0.0,0.0,0.0,39.0,167.0,131.0,0.0,19.0,0.0,0.0,0.0,10.0,0.0,248.0,167.0,0.0,0.0,0.0,0.0,0.0,0.0,101.0,0.0,0.0,0.0,78.0,0.0,0.0,0.0,0.0,4.0,0.0,0.0,67.0,0.0,0.0,101.0,0.0,52.0,0.0,0.0,0.0,0.0,181.0,0.0,0.0,0.0,95.0,0.0,0.0,0.0,0.0,0.0,0.0,0.0,0.0,50.0,23.0,50.0,77.0,0.0,0.0,11.0,9.0,0.0,0.0,10.0,0.0,0.0,0.0,0.0,0.0,21.0
2019-06-09,0.0,0.0,0.0,0.0,575.0,0.0,139.0,19.0,340.0,12.0,0.0,0.0,0.0,0.0,0.0,108.0,119.0,0.0,7.0,0.0,0.0,0.0,0.0,24.0,0.0,0.0,0.0,29.0,0.0,0.0,0.0,0.0,0.0,0.0,0.0,44.0,0.0,0.0,0.0,0.0,0.0,0.0,0.0,0.0,0.0,185.0,0.0,0.0,0.0,23.0,5.0,0.0,0.0,0.0,0.0,0.0,0.0,0.0,0.0,12.0,44.0,0.0,0.0,0.0,0.0,0.0,0.0,0.0,7.0,0.0,0.0,0.0,0.0,0.0,16.0
2019-06-16,0.0,124.0,0.0,0.0,581.0,148.0,40.0,396.0,1059.0,44.0,4.0,0.0,0.0,0.0,0.0,448.0,72.0,0.0,0.0,0.0,0.0,0.0,0.0,21.0,0.0,0.0,0.0,29.0,0.0,0.0,0.0,0.0,16.0,0.0,0.0,14.0,0.0,0.0,0.0,0.0,0.0,0.0,0.0,0.0,0.0,181.0,0.0,0.0,0.0,136.0,11.0,0.0,0.0,0.0,0.0,0.0,0.0,0.0,0.0,14.0,167.0,81.0,0.0,0.0,0.0,24.0,6.0,0.0,18.0,0.0,0.0,0.0,0.0,0.0,0.0
2019-06-23,99.0,85.0,0.0,0.0,143.0,20.0,52.0,31.0,0.0,17.0,0.0,0.0,0.0,51.0,0.0,221.0,137.0,0.0,0.0,0.0,0.0,0.0,0.0,67.0,0.0,0.0,0.0,37.0,0.0,48.0,0.0,0.0,45.0,0.0,0.0,74.0,630.0,0.0,0.0,0.0,0.0,0.0,0.0,0.0,58.0,171.0,0.0,0.0,0.0,144.0,6.0,0.0,0.0,0.0,0.0,0.0,0.0,0.0,32.0,0.0,150.0,98.0,0.0,0.0,5.0,0.0,6.0,0.0,20.0,0.0,5.0,0.0,0.0,0.0,24.0
2019-06-30,33.0,73.0,275.0,0.0,0.0,15.0,0.0,0.0,0.0,26.0,8.0,5.0,0.0,0.0,0.0,106.0,193.0,0.0,0.0,0.0,0.0,0.0,0.0,233.0,0.0,0.0,0.0,59.0,0.0,32.0,0.0,0.0,16.0,0.0,0.0,86.0,0.0,0.0,0.0,0.0,0.0,0.0,0.0,0.0,0.0,202.0,0.0,0.0,0.0,133.0,28.0,0.0,0.0,0.0,0.0,0.0,0.0,0.0,87.0,10.0,99.0,115.0,0.0,0.0,0.0,0.0,0.0,0.0,37.0,0.0,18.0,0.0,4.0,100.0,30.0
2019-07-07,0.0,45.0,0.0,15.0,0.0,13.0,0.0,0.0,0.0,126.0,0.0,0.0,0.0,0.0,0.0,233.0,280.0,0.0,0.0,0.0,0.0,0.0,0.0,8.0,0.0,0.0,0.0,96.0,0.0,132.0,126.0,0.0,26.0,0.0,0.0,105.0,0.0,0.0,0.0,0.0,0.0,0.0,0.0,0.0,0.0,731.0,0.0,0.0,0.0,63.0,47.0,0.0,0.0,0.0,0.0,0.0,0.0,0.0,169.0,0.0,15.0,143.0,0.0,0.0,0.0,0.0,0.0,0.0,21.0,0.0,0.0,0.0,0.0,7.0,40.0
2019-07-14,172.0,66.0,0.0,8.0,0.0,0.0,51.0,19.0,0.0,4.0,4.0,7.0,0.0,0.0,0.0,280.0,2682.0,0.0,0.0,0.0,0.0,0.0,44.0,26.0,0.0,0.0,0.0,36.0,0.0,22.0,0.0,0.0,50.0,0.0,0.0,70.0,0.0,0.0,0.0,0.0,63.0,0.0,0.0,0.0,0.0,276.0,0.0,0.0,0.0,170.0,33.0,0.0,0.0,0.0,0.0,0.0,0.0,0.0,0.0,22.0,395.0,43.0,0.0,0.0,0.0,85.0,7.0,8.0,5.0,0.0,6.0,0.0,0.0,0.0,32.0
2019-07-21,27.0,105.0,76.0,0.0,125.0,0.0,18.0,20.0,142.0,147.0,0.0,0.0,0.0,0.0,0.0,304.0,4178.0,0.0,540.0,0.0,0.0,0.0,0.0,81.0,0.0,0.0,0.0,107.0,0.0,32.0,143.0,0.0,11.0,0.0,0.0,100.0,0.0,0.0,131.0,0.0,0.0,0.0,0.0,0.0,0.0,234.0,0.0,0.0,0.0,119.0,25.0,0.0,0.0,0.0,0.0,0.0,0.0,0.0,0.0,6.0,396.0,235.0,0.0,0.0,0.0,52.0,0.0,0.0,0.0,0.0,0.0,0.0,0.0,0.0,21.0
2019-07-28,18.0,233.0,187.0,0.0,797.0,37.0,40.0,250.0,524.0,59.0,0.0,3.0,0.0,0.0,0.0,205.0,3203.0,0.0,0.0,0.0,0.0,0.0,0.0,87.0,0.0,0.0,0.0,91.0,0.0,0.0,126.0,0.0,0.0,0.0,0.0,90.0,0.0,0.0,0.0,0.0,0.0,0.0,0.0,0.0,0.0,151.0,0.0,0.0,0.0,363.0,32.0,0.0,0.0,0.0,0.0,0.0,0.0,0.0,0.0,0.0,127.0,269.0,0.0,0.0,0.0,0.0,0.0,0.0,0.0,0.0,9.0,0.0,6.0,0.0,55.0
2019-08-04,0.0,163.0,0.0,129.0,113.0,76.0,20.0,73.0,0.0,16.0,0.0,11.0,0.0,0.0,0.0,175.0,4996.0,0.0,0.0,0.0,0.0,0.0,0.0,0.0,0.0,0.0,0.0,68.0,0.0,166.0,190.0,0.0,4.0,0.0,0.0,144.0,0.0,0.0,60.0,0.0,0.0,0.0,0.0,41.0,0.0,200.0,0.0,0.0,0.0,335.0,34.0,0.0,0.0,0.0,0.0,0.0,0.0,0.0,155.0,0.0,106.0,0.0,0.0,0.0,7.0,0.0,0.0,0.0,0.0,19.0,11.0,0.0,8.0,0.0,54.0
2019-08-11,0.0,54.0,0.0,37.0,0.0,0.0,0.0,0.0,0.0,0.0,0.0,0.0,0.0,0.0,0.0,0.0,2109.0,0.0,0.0,0.0,22.0,0.0,0.0,0.0,0.0,0.0,0.0,21.0,0.0,0.0,0.0,0.0,0.0,0.0,0.0,33.0,0.0,0.0,0.0,0.0,0.0,0.0,0.0,0.0,0.0,59.0,0.0,0.0,0.0,19.0,0.0,0.0,0.0,0.0,0.0,0.0,0.0,0.0,0.0,0.0,13.0,0.0,0.0,0.0,4.0,0.0,0.0,0.0,0.0,0.0,0.0,0.0,0.0,5.0,27.0
