ts,Awdal - Baki,Awdal - Borama,Awdal - Lughaye,Awdal - Zeylac,Bakool - Ceel Barde,Bakool - Rab Dhuure,Bakool - Tayeeglow,Bakool - Waajid,Bakool - Xudur,Banadir - Banadir,Bari - Bandarbeyla,Bari - Bossaso,Bari - Caluula,Bari - Iskushuban,Bari - Qandala,Bari - Qardho,Bay - Baidoa,Bay - Buur Hakaba,Bay - Diinsoor,Bay - Qansax Dheere,Galgaduud - Cabudwaaq,Galgaduud - Cadaado,Galgaduud - Ceel Buur,Galgaduud - Ceel Dheer,Galgaduud - Dhuusamarreeb,Gedo - Baardheere,Gedo - Belet Xaawo,Gedo - Ceel Waaq,Gedo - Doolow,Gedo - Garbahaarey,Gedo - Luuq,Hiraan - Belet Weyne,Hiraan - Bulo Burto,Hiraan - Jalalaqsi,Lower Juba - Afmadow,Lower Juba - Badhaadhe,Lower Juba - Jamaame,Lower Juba - Kismayo,Lower Juba - Saakow,Lower Shabelle - Afgooye,Lower Shabelle - Baraawe,Lower Shabelle - Kurtunwaarey,Lower Shabelle - Marka,Lower Shabelle - Qoryooley,Lower Shabelle - Sablaale,Lower Shabelle - Wanla Weyn,Middle Juba - Bu'aale,Middle Juba - Jilib,Middle Juba - Saakow,Middle Shabelle - Adan Yabaal,Middle Shabelle - Balcad,Middle Shabelle - Cadale,Middle Shabelle - Jowhar,Mudug - Gaalkacyo,Mudug - Galdogob,Mudug - Hobyo,Mudug - Jariiban,Mudug - Xarardheere,Nugaal - Burtinle,Nugaal - Eyl,Nugaal - Garoowe,Nugaal - Qardho,Sanaag - Badhan,Sanaag - Ceel Afweyn,Sanaag - Ceerigaabo,Sanaag - Dhahar,Sanaag - Laasqoray,Sanaag - Lasqoray,Sool - Caynabo,Sool - Laas Caanood,Sool - Taleex,Sool - Xudun,Togdheer - Burco,Togdheer - Buuhoodle,Togdheer - Owdweyne,Togdheer - Sheikh,Woqooyi Galbeed - Berbera,Woqooyi Galbeed - Gebiley,Woqooyi Galbeed - Hargeysa
2016-01-03,0.0,0.0,0.0,0.0,0.0,0.0,0.0,0.0,0.0,11.0,0.0,4.0,0.0,0.0,0.0,0.0,7.0,0.0,0.0,4.0,0.0,0.0,0.0,0.0,0.0,23.0,0.0,0.0,0.0,0.0,0.0,5.0,0.0,0.0,0.0,0.0,0.0,0.0,0.0,0.0,0.0,0.0,3.0,0.0,0.0,0.0,0.0,0.0,0.0,0.0,0.0,0.0,0.0,16.0,0.0,6.0,0.0,0.0,0.0,0.0,7.0,0.0,0.0,0.0,0.0,0.0,0.0,0.0,0.0,0.0,0.0,0.0,0.0,0.0,0.0,0.0,0.0,0.0,0.0
2016-01-10,0.0,0.0,0.0,0.0,0.0,0.0,7.0,0.0,0.0,55.0,0.0,0.0,0.0,0.0,0.0,0.0,8.0,0.0,17.0,37.0,13.0,18.0,0.0,0.0,0.0,107.0,0.0,0.0,0.0,0.0,0.0,3.0,0.0,0.0,0.0,0.0,0.0,0.0,0.0,0.0,124.0,0.0,0.0,0.0,0.0,0.0,0.0,0.0,0.0,0.0,0.0,0.0,0.0,0.0,0.0,216.0,0.0,0.0,6.0,0.0,9.0,0.0,0.0,4.0,0.0,0.0,0.0,0.0,0.0,0.0,0.0,0.0,6.0,0.0,0.0,0.0,3.0,0.0,12.0
2016-01-17,0.0,0.0,0.0,0.0,0.0,0.0,0.0,14.0,0.0,40.0,0.0,0.0,0.0,0.0,0.0,0.0,15.0,0.0,143.0,5.0,12.0,17.0,5.0,0.0,0.0,21.0,0.0,0.0,0.0,0.0,0.0,16.0,0.0,16.0,0.0,0.0,10.0,0.0,0.0,0.0,4.0,0.0,0.0,0.0,0.0,0.0,0.0,0.0,0.0,0.0,6.0,0.0,0.0,5.0,0.0,6.0,0.0,0.0,0.0,0.0,4.0,0.0,0.0,0.0,0.0,0.0,0.0,0.0,8.0,0.0,0.0,0.0,0.0,0.0,0.0,0.0,10.0,0.0,0.0
2016-01-24,0.0,0.0,0.0,0.0,0.0,0.0,0.0,0.0,0.0,21.0,0.0,21.0,0.0,0.0,0.0,0.0,13.0,0.0,0.0,0.0,5.0,0.0,0.0,0.0,0.0,0.0,0.0,0.0,0.0,0.0,0.0,0.0,0.0,0.0,0.0,0.0,0.0,0.0,0.0,0.0,0.0,0.0,0.0,0.0,0.0,0.0,0.0,0.0,0.0,0.0,5.0,0.0,0.0,28.0,8.0,427.0,0.0,0.0,0.0,0.0,8.0,0.0,0.0,0.0,0.0,0.0,0.0,0.0,0.0,0.0,0.0,0.0,0.0,0.0,0.0,0.0,7.0,0.0,0.0
2016-01-31,0.0,0.0,0.0,0.0,0.0,0.0,0.0,0.0,3.0,48.0,0.0,7.0,0.0,0.0,0.0,0.0,0.0,0.0,0.0,9.0,238.0,4.0,0.0,0.0,0.0,65.0,0.0,0.0,0.0,0.0,7.0,6.0,0.0,4.0,0.0,0.0,0.0,0.0,0.0,0.0,0.0,0.0,0.0,0.0,0.0,0.0,0.0,9.0,0.0,0.0,0.0,6.0,0.0,14.0,0.0,1334.0,0.0,0.0,0.0,0.0,5.0,0.0,0.0,6.0,0.0,0.0,6.0,0.0,0.0,0.0,0.0,0.0,0.0,0.0,0.0,0.0,3.0,8.0,14.0
2016-02-07,0.0,0.0,0.0,0.0,0.0,4.0,0.0,3.0,0.0,57.0,0.0,26.0,0.0,0.0,5.0,0.0,0.0,0.0,0.0,0.0,6.0,3.0,0.0,0.0,0.0,0.0,0.0,0.0,0.0,0.0,0.0,0.0,0.0,6.0,0.0,0.0,5.0,0.0,0.0,6.0,0.0,108.0,0.0,0.0,0.0,0.0,0.0,0.0,0.0,0.0,0.0,0.0,7.0,5.0,0.0,4.0,0.0,0.0,5.0,6.0,6.0,0.0,0.0,0.0,6.0,0.0,0.0,0.0,5.0,22.0,0.0,0.0,0.0,0.0,0.0,0.0,22.0,0.0,4.0
2016-02-14,0.0,0.0,0.0,0.0,0.0,0.0,0.0,18.0,0.0,59.0,0.0,0.0,0.0,0.0,0.0,0.0,0.0,0.0,6.0,0.0,7.0,0.0,18.0,0.0,9.0,0.0,0.0,0.0,0.0,0.0,0.0,12.0,0.0,5.0,0.0,6.0,0.0,0.0,0.0,0.0,0.0,0.0,6.0,0.0,0.0,0.0,0.0,0.0,0.0,0.0,0.0,3.0,11.0,0.0,0.0,17.0,0.0,0.0,0.0,3.0,13.0,0.0,0.0,0.0,6.0,0.0,0.0,0.0,5.0,0.0,0.0,0.0,0.0,0.0,0.0,0.0,15.0,11.0,3.0
2016-02-21,0.0,0.0,0.0,0.0,0.0,17.0,0.0,104.0,0.0,99.0,0.0,9.0,0.0,0.0,0.0,0.0,17.0,6.0,31.0,28.0,0.0,9.0,0.0,0.0,0.0,0.0,0.0,5.0,0.0,100.0,18.0,11.0,0.0,0.0,0.0,0.0,0.0,0.0,0.0,19.0,0.0,0.0,4.0,3.0,0.0,0.0,0.0,0.0,0.0,0.0,0.0,0.0,10.0,4.0,0.0,12.0,0.0,0.0,0.0,0.0,6.0,0.0,0.0,0.0,125.0,0.0,0.0,0.0,0.0,0.0,5.0,0.0,0.0,0.0,0.0,0.0,14.0,14.0,0.0
2016-02-28,7.0,0.0,6.0,0.0,0.0,26.0,0.0,64.0,0.0,47.0,4.0,0.0,0.0,0.0,0.0,7.0,3.0,5.0,19.0,6.0,10.0,0.0,0.0,0.0,0.0,0.0,0.0,0.0,0.0,0.0,4.0,13.0,0.0,6.0,0.0,0.0,0.0,0.0,0.0,0.0,0.0,0.0,13.0,8.0,0.0,0.0,0.0,0.0,0.0,4.0,0.0,0.0,0.0,7.0,0.0,11.0,0.0,10.0,0.0,0.0,0.0,0.0,0.0,0.0,0.0,0.0,0.0,0.0,0.0,0.0,0.0,0.0,0.0,0.0,10.0,0.0,25.0,7.0,0.0
2016-03-06,16.0,0.0,0.0,0.0,13.0,17.0,0.0,0.0,0.0,37.0,39.0,8.0,8.0,7.0,0.0,6.0,4.0,0.0,11.0,34.0,7.0,5.0,0.0,0.0,6.0,145.0,0.0,0.0,0.0,0.0,39.0,0.0,0.0,0.0,0.0,0.0,0.0,0.0,0.0,0.0,0.0,4.0,0.0,0.0,25.0,0.0,0.0,0.0,0.0,0.0,0.0,0.0,0.0,0.0,0.0,0.0,0.0,25.0,0.0,0.0,7.0,0.0,0.0,0.0,6.0,0.0,0.0,0.0,0.0,0.0,0.0,17.0,0.0,0.0,0.0,0.0,5.0,6.0,11.0
2016-03-13,14.0,0.0,0.0,0.0,14.0,6.0,0.0,0.0,5.0,28.0,8.0,4.0,0.0,0.0,8.0,4.0,0.0,0.0,13.0,0.0,0.0,0.0,0.0,0.0,0.0,0.0,0.0,0.0,0.0,0.0,20.0,27.0,0.0,0.0,0.0,0.0,0.0,0.0,0.0,0.0,0.0,0.0,0.0,0.0,0.0,0.0,0.0,0.0,0.0,0.0,6.0,0.0,0.0,6.0,0.0,0.0,0.0,10.0,0.0,0.0,8.0,0.0,0.0,11.0,0.0,0.0,0.0,0.0,0.0,0.0,0.0,0.0,7.0,0.0,0.0,0.0,11.0,6.0,0.0
2016-03-20,7.0,6.0,20.0,14.0,1144.0,0.0,0.0,0.0,0.0,22.0,0.0,7.0,0.0,0.0,0.0,10.0,0.0,0.0,5.0,7.0,0.0,0.0,0.0,0.0,4.0,0.0,0.0,0.0,0.0,0.0,0.0,0.0,5.0,7.0,23.0,0.0,0.0,0.0,0.0,0.0,0.0,0.0,5.0,0.0,0.0,0.0,0.0,0.0,0.0,0.0,0.0,0.0,0.0,20.0,0.0,0.0,0.0,0.0,0.0,3.0,0.0,0.0,0.0,0.0,6.0,0.0,0.0,0.0,0.0,7.0,0.0,0.0,13.0,0.0,6.0,6.0,32.0,8.0,9.0
2016-03-27,0.0,0.0,40.0,0.0,0.0,145.0,0.0,5.0,0.0,34.0,9.0,0.0,0.0,0.0,0.0,18.0,12.0,0.0,27.0,17.0,0.0,0.0,0.0,0.0,0.0,0.0,0.0,0.0,0.0,0.0,0.0,44.0,0.0,0.0,0.0,0.0,5.0,0.0,0.0,33.0,0.0,0.0,3.0,31.0,0.0,0.0,0.0,0.0,0.0,0.0,6.0,0.0,460.0,6.0,0.0,0.0,0.0,0.0,0.0,15.0,5.0,0.0,0.0,0.0,0.0,0.0,8.0,0.0,7.0,6.0,100.0,0.0,0.0,0.0,0.0,14.0,5.0,0.0,10.0
2016-04-03,0.0,5.0,14.0,20.0,0.0,100.0,68.0,6.0,0.0,1400.0,0.0,21.0,2.0,0.0,10.0,5.0,11.0,18.0,37.0,0.0,0.0,5.0,5.0,0.0,5.0,0.0,4.0,0.0,0.0,0.0,0.0,14.0,0.0,5.0,0.0,0.0,0.0,0.0,0.0,0.0,0.0,0.0,450.0,193.0,0.0,0.0,7.0,0.0,0.0,0.0,0.0,0.0,6.0,0.0,0.0,240.0,0.0,0.0,0.0,0.0,5.0,0.0,0.0,0.0,20.0,0.0,10.0,0.0,0.0,0.0,5.0,141.0,0.0,0.0,12.0,21.0,4.0,5.0,5.0
2016-04-10,0.0,6.0,27.0,0.0,0.0,0.0,0.0,10.0,0.0,39.0,0.0,16.0,0.0,9.0,9.0,13.0,7.0,0.0,0.0,0.0,5.0,10.0,8.0,0.0,0.0,125.0,9.0,0.0,0.0,0.0,0.0,5.0,0.0,0.0,0.0,0.0,0.0,0.0,0.0,0.0,0.0,0.0,0.0,31.0,0.0,0.0,0.0,0.0,31.0,5.0,0.0,0.0,0.0,4.0,0.0,6.0,0.0,0.0,0.0,0.0,3.0,0.0,0.0,6.0,26.0,0.0,15.0,0.0,4.0,10.0,39.0,57.0,0.0,13.0,0.0,0.0,0.0,0.0,0.0
2016-04-17,0.0,0.0,7.0,0.0,0.0,0.0,0.0,24.0,0.0,47.0,0.0,13.0,7.0,0.0,0.0,8.0,8.0,0.0,6.0,6.0,0.0,0.0,6.0,0.0,10.0,0.0,0.0,0.0,0.0,76.0,0.0,7.0,41.0,12.0,0.0,0.0,0.0,0.0,0.0,6.0,0.0,0.0,0.0,0.0,0.0,0.0,7.0,0.0,0.0,0.0,5.0,0.0,9.0,4.0,0.0,6.0,0.0,0.0,0.0,0.0,5.0,0.0,0.0,5.0,0.0,0.0,6.0,0.0,0.0,0.0,13.0,0.0,6.0,0.0,0.0,12.0,0.0,0.0,0.0
2016-04-24,0.0,0.0,13.0,7.0,0.0,39.0,0.0,25.0,234.0,47.0,0.0,0.0,0.0,9.0,0.0,0.0,10.0,0.0,0.0,0.0,8.0,5.0,13.0,11.0,0.0,0.0,0.0,0.0,0.0,0.0,0.0,6.0,0.0,0.0,0.0,0.0,0.0,0.0,0.0,0.0,0.0,0.0,0.0,0.0,0.0,0.0,0.0,0.0,200.0,0.0,0.0,0.0,5.0,3.0,4.0,0.0,0.0,0.0,0.0,0.0,0.0,0.0,0.0,0.0,7.0,0.0,0.0,0.0,0.0,46.0,19.0,14.0,0.0,0.0,0.0,0.0,0.0,0.0,0.0
2016-05-01,0.0,7.0,0.0,0.0,0.0,0.0,0.0,0.0,0.0,37.0,5.0,13.0,0.0,0.0,0.0,0.0,0.0,0.0,0.0,0.0,0.0,0.0,0.0,0.0,0.0,0.0,0.0,0.0,0.0,0.0,0.0,4.0,10.0,6.0,0.0,0.0,0.0,6.0,0.0,0.0,0.0,0.0,0.0,0.0,0.0,0.0,0.0,0.0,0.0,0.0,5.0,0.0,0.0,6.0,0.0,0.0,0.0,0.0,8.0,0.0,8.0,0.0,0.0,0.0,0.0,0.0,0.0,0.0,0.0,42.0,43.0,20.0,0.0,0.0,0.0,0.0,5.0,0.0,0.0
2016-05-08,0.0,0.0,6.0,5.0,0.0,0.0,0.0,0.0,0.0,34.0,0.0,0.0,0.0,0.0,0.0,0.0,11.0,0.0,0.0,0.0,6.0,14.0,0.0,0.0,13.0,0.0,0.0,0.0,0.0,0.0,0.0,24.0,17.0,13.0,0.0,0.0,5.0,0.0,0.0,252.0,0.0,0.0,0.0,0.0,0.0,0.0,5.0,0.0,0.0,0.0,5.0,0.0,17.0,20.0,0.0,0.0,0.0,0.0,0.0,0.0,3.0,0.0,0.0,0.0,13.0,0.0,0.0,0.0,9.0,0.0,21.0,6.0,0.0,0.0,0.0,0.0,0.0,0.0,0.0
2016-05-15,0.0,0.0,0.0,0.0,0.0,0.0,0.0,0.0,120.0,189.0,0.0,24.0,0.0,0.0,0.0,0.0,6.0,0.0,0.0,0.0,3.0,5.0,0.0,6.0,7.0,0.0,0.0,0.0,0.0,0.0,0.0,0.0,0.0,0.0,0.0,0.0,0.0,0.0,0.0,4.0,0.0,0.0,0.0,4.0,0.0,0.0,0.0,0.0,0.0,0.0,6.0,0.0,12.0,5.0,0.0,6.0,0.0,0.0,0.0,0.0,0.0,0.0,0.0,0.0,4.0,0.0,7.0,0.0,0.0,13.0,24.0,25.0,0.0,0.0,0.0,0.0,0.0,0.0,0.0
2016-05-22,0.0,0.0,0.0,0.0,0.0,0.0,0.0,23.0,0.0,29.0,0.0,15.0,0.0,0.0,0.0,0.0,5.0,0.0,0.0,4.0,0.0,0.0,0.0,7.0,5.0,0.0,0.0,0.0,0.0,0.0,0.0,19.0,0.0,4.0,0.0,0.0,0.0,0.0,0.0,0.0,0.0,0.0,4.0,15.0,0.0,0.0,0.0,0.0,0.0,0.0,0.0,0.0,9.0,16.0,0.0,0.0,0.0,0.0,0.0,0.0,146.0,0.0,0.0,4.0,0.0,0.0,0.0,0.0,19.0,0.0,306.0,6.0,0.0,0.0,0.0,0.0,0.0,0.0,0.0
2016-05-29,0.0,0.0,0.0,0.0,0.0,0.0,0.0,0.0,0.0,42.0,0.0,8.0,0.0,0.0,0.0,5.0,11.0,0.0,0.0,0.0,6.0,5.0,0.0,0.0,0.0,0.0,3.0,0.0,0.0,0.0,0.0,15.0,7.0,0.0,0.0,0.0,0.0,0.0,0.0,6.0,7.0,0.0,0.0,0.0,0.0,0.0,0.0,0.0,0.0,0.0,0.0,0.0,0.0,4.0,0.0,0.0,0.0,165.0,3.0,0.0,8.0,0.0,0.0,0.0,6.0,0.0,0.0,0.0,24.0,0.0,0.0,0.0,0.0,0.0,0.0,0.0,0.0,0.0,0.0
2016-06-05,0.0,0.0,0.0,0.0,0.0,0.0,0.0,0.0,0.0,36.0,0.0,20.0,0.0,0.0,0.0,5.0,120.0,0.0,0.0,29.0,8.0,0.0,5.0,0.0,16.0,0.0,0.0,0.0,0.0,0.0,0.0,0.0,0.0,5.0,0.0,0.0,0.0,0.0,0.0,0.0,0.0,0.0,0.0,4.0,0.0,0.0,0.0,4.0,0.0,0.0,4.0,14.0,0.0,5.0,0.0,0.0,0.0,0.0,123.0,0.0,21.0,0.0,0.0,0.0,0.0,0.0,0.0,0.0,6.0,0.0,10.0,23.0,0.0,0.0,0.0,0.0,0.0,0.0,0.0
2016-06-12,0.0,0.0,0.0,0.0,0.0,0.0,0.0,0.0,0.0,23.0,0.0,0.0,0.0,0.0,0.0,0.0,59.0,0.0,140.0,0.0,20.0,0.0,0.0,0.0,5.0,0.0,0.0,0.0,0.0,0.0,0.0,63.0,0.0,6.0,0.0,0.0,0.0,0.0,0.0,0.0,0.0,0.0,5.0,42.0,0.0,0.0,0.0,0.0,0.0,0.0,0.0,22.0,6.0,9.0,0.0,4.0,0.0,0.0,4.0,0.0,0.0,0.0,0.0,0.0,11.0,0.0,0.0,0.0,4.0,17.0,21.0,0.0,0.0,15.0,0.0,0.0,0.0,0.0,0.0
2016-06-19,0.0,0.0,0.0,0.0,0.0,0.0,0.0,40.0,0.0,39.0,4.0,61.0,0.0,13.0,0.0,10.0,25.0,0.0,0.0,0.0,8.0,0.0,0.0,0.0,5.0,0.0,0.0,0.0,0.0,0.0,0.0,57.0,6.0,4.0,0.0,0.0,0.0,0.0,0.0,0.0,0.0,0.0,3.0,61.0,0.0,0.0,0.0,0.0,0.0,0.0,0.0,0.0,16.0,10.0,0.0,0.0,0.0,4.0,0.0,0.0,12.0,0.0,0.0,0.0,0.0,0.0,0.0,0.0,0.0,7.0,16.0,0.0,0.0,0.0,5.0,0.0,0.0,0.0,0.0
2016-06-26,0.0,0.0,0.0,0.0,38.0,0.0,0.0,0.0,0.0,41.0,0.0,0.0,0.0,0.0,0.0,11.0,0.0,0.0,45.0,0.0,5.0,25.0,0.0,0.0,26.0,0.0,0.0,0.0,0.0,0.0,0.0,12.0,0.0,15.0,0.0,0.0,18.0,5.0,0.0,0.0,0.0,0.0,0.0,0.0,0.0,0.0,0.0,0.0,0.0,0.0,0.0,0.0,5.0,0.0,0.0,0.0,4.0,0.0,4.0,3.0,0.0,0.0,0.0,0.0,0.0,0.0,7.0,0.0,0.0,9.0,6.0,0.0,0.0,0.0,0.0,0.0,0.0,0.0,0.0
2016-07-03,0.0,0.0,0.0,0.0,0.0,276.0,0.0,0.0,0.0,11.0,3.0,8.0,0.0,0.0,0.0,4.0,0.0,0.0,0.0,0.0,0.0,0.0,0.0,0.0,5.0,155.0,0.0,0.0,0.0,0.0,0.0,5.0,3.0,0.0,0.0,0.0,0.0,0.0,0.0,0.0,0.0,0.0,0.0,0.0,0.0,0.0,4.0,0.0,0.0,0.0,5.0,0.0,0.0,0.0,0.0,0.0,0.0,0.0,0.0,0.0,8.0,0.0,0.0,0.0,0.0,0.0,0.0,0.0,0.0,0.0,0.0,0.0,0.0,0.0,0.0,0.0,0.0,0.0,0.0
2016-07-10,0.0,0.0,0.0,0.0,0.0,0.0,0.0,0.0,0.0,31.0,0.0,0.0,0.0,0.0,0.0,0.0,6.0,0.0,0.0,0.0,0.0,0.0,0.0,0.0,0.0,0.0,0.0,0.0,0.0,0.0,0.0,3.0,12.0,0.0,0.0,0.0,0.0,0.0,0.0,0.0,0.0,0.0,0.0,0.0,0.0,0.0,0.0,0.0,0.0,131.0,0.0,0.0,0.0,8.0,0.0,0.0,0.0,0.0,0.0,0.0,9.0,0.0,0.0,0.0,0.0,0.0,0.0,0.0,0.0,0.0,0.0,0.0,0.0,0.0,5.0,0.0,0.0,0.0,0.0
2016-07-17,0.0,0.0,0.0,0.0,4.0,0.0,62.0,34.0,0.0,34.0,9.0,33.0,0.0,0.0,0.0,0.0,68.0,5.0,184.0,183.0,7.0,15.0,7.0,0.0,0.0,19.0,0.0,0.0,0.0,0.0,0.0,19.0,5.0,8.0,0.0,0.0,0.0,0.0,0.0,0.0,0.0,0.0,6.0,5.0,0.0,0.0,0.0,4.0,0.0,0.0,0.0,0.0,6.0,7.0,0.0,0.0,0.0,0.0,0.0,0.0,12.0,0.0,0.0,0.0,0.0,0.0,0.0,0.0,0.0,6.0,0.0,0.0,0.0,0.0,0.0,0.0,0.0,0.0,0.0
2016-07-24,0.0,0.0,0.0,0.0,0.0,0.0,0.0,0.0,3.0,28.0,0.0,13.0,0.0,5.0,0.0,0.0,21.0,0.0,155.0,0.0,3.0,0.0,3.0,0.0,12.0,27.0,0.0,0.0,0.0,0.0,4.0,20.0,0.0,4.0,0.0,0.0,50.0,0.0,0.0,0.0,0.0,0.0,0.0,0.0,0.0,0.0,0.0,0.0,0.0,0.0,10.0,0.0,6.0,13.0,0.0,0.0,0.0,7.0,5.0,0.0,8.0,0.0,0.0,5.0,0.0,0.0,4.0,0.0,0.0,23.0,0.0,0.0,0.0,0.0,0.0,5.0,0.0,0.0,0.0
2016-07-31,0.0,0.0,0.0,0.0,0.0,0.0,0.0,13.0,0.0,83.0,5.0,24.0,0.0,0.0,0.0,0.0,15.0,21.0,7.0,0.0,7.0,0.0,0.0,0.0,6.0,49.0,0.0,0.0,0.0,0.0,0.0,41.0,0.0,4.0,0.0,0.0,0.0,0.0,0.0,4.0,0.0,0.0,0.0,204.0,0.0,0.0,0.0,0.0,0.0,0.0,18.0,0.0,0.0,0.0,0.0,0.0,0.0,0.0,0.0,0.0,3.0,0.0,0.0,6.0,6.0,0.0,0.0,0.0,5.0,14.0,6.0,0.0,5.0,7.0,7.0,0.0,0.0,0.0,0.0
2016-08-07,0.0,0.0,0.0,0.0,0.0,0.0,0.0,0.0,7.0,33.0,0.0,26.0,0.0,0.0,0.0,6.0,10.0,0.0,58.0,13.0,16.0,3.0,7.0,5.0,0.0,0.0,0.0,0.0,0.0,0.0,3.0,6.0,0.0,0.0,20.0,0.0,0.0,0.0,0.0,0.0,0.0,0.0,0.0,0.0,0.0,0.0,0.0,0.0,0.0,0.0,5.0,0.0,5.0,7.0,0.0,5.0,0.0,0.0,0.0,0.0,3.0,0.0,0.0,0.0,6.0,0.0,0.0,0.0,7.0,0.0,0.0,0.0,0.0,0.0,0.0,0.0,0.0,0.0,0.0
2016-08-14,0.0,0.0,0.0,0.0,0.0,0.0,7.0,226.0,0.0,27.0,0.0,0.0,0.0,0.0,0.0,0.0,122.0,0.0,34.0,8.0,7.0,6.0,0.0,0.0,3.0,33.0,0.0,0.0,0.0,0.0,0.0,15.0,0.0,48.0,0.0,0.0,0.0,0.0,0.0,0.0,0.0,0.0,0.0,0.0,0.0,0.0,5.0,0.0,0.0,0.0,0.0,0.0,0.0,0.0,0.0,9.0,0.0,0.0,0.0,0.0,7.0,0.0,0.0,0.0,0.0,0.0,0.0,0.0,0.0,0.0,0.0,0.0,0.0,0.0,0.0,0.0,0.0,0.0,0.0
2016-08-21,0.0,3.0,0.0,0.0,0.0,0.0,0.0,21.0,0.0,44.0,0.0,0.0,0.0,0.0,0.0,4.0,0.0,0.0,132.0,13.0,6.0,0.0,0.0,37.0,4.0,119.0,0.0,0.0,0.0,0.0,0.0,9.0,0.0,4.0,0.0,0.0,0.0,0.0,0.0,0.0,0.0,0.0,0.0,10.0,0.0,0.0,0.0,0.0,0.0,0.0,0.0,0.0,6.0,0.0,0.0,0.0,0.0,0.0,5.0,7.0,7.0,0.0,0.0,0.0,0.0,0.0,0.0,0.0,5.0,0.0,17.0,13.0,0.0,0.0,8.0,12.0,0.0,0.0,0.0
2016-08-28,0.0,0.0,0.0,0.0,0.0,0.0,0.0,0.0,0.0,45.0,0.0,5.0,0.0,0.0,0.0,3.0,10.0,0.0,39.0,20.0,15.0,0.0,0.0,0.0,0.0,40.0,0.0,8.0,0.0,0.0,0.0,35.0,0.0,0.0,0.0,0.0,23.0,0.0,0.0,0.0,0.0,0.0,0.0,31.0,0.0,0.0,0.0,0.0,0.0,0.0,0.0,0.0,3.0,22.0,0.0,10.0,0.0,0.0,0.0,0.0,6.0,0.0,0.0,7.0,0.0,0.0,0.0,0.0,0.0,0.0,20.0,0.0,0.0,0.0,0.0,5.0,0.0,0.0,0.0
2016-09-04,0.0,0.0,0.0,0.0,0.0,0.0,74.0,0.0,0.0,42.0,0.0,5.0,0.0,0.0,0.0,16.0,0.0,0.0,59.0,30.0,5.0,0.0,4.0,0.0,130.0,19.0,0.0,0.0,0.0,0.0,0.0,0.0,0.0,0.0,0.0,0.0,0.0,0.0,0.0,0.0,0.0,0.0,0.0,72.0,0.0,0.0,0.0,0.0,0.0,0.0,0.0,0.0,0.0,4.0,0.0,0.0,0.0,0.0,0.0,0.0,0.0,0.0,0.0,0.0,0.0,0.0,0.0,0.0,0.0,51.0,0.0,0.0,0.0,0.0,0.0,0.0,0.0,0.0,0.0
2016-09-11,0.0,0.0,0.0,0.0,0.0,18.0,14.0,0.0,0.0,17.0,0.0,14.0,0.0,0.0,0.0,0.0,14.0,0.0,46.0,20.0,0.0,0.0,5.0,0.0,0.0,16.0,0.0,0.0,10.0,0.0,0.0,6.0,0.0,5.0,0.0,0.0,18.0,4.0,0.0,0.0,0.0,0.0,0.0,0.0,0.0,0.0,0.0,0.0,0.0,0.0,6.0,0.0,0.0,0.0,0.0,6.0,0.0,0.0,5.0,0.0,0.0,0.0,0.0,0.0,0.0,0.0,0.0,0.0,0.0,0.0,0.0,0.0,7.0,0.0,0.0,0.0,0.0,0.0,0.0
2016-09-18,0.0,0.0,0.0,0.0,0.0,0.0,0.0,6.0,0.0,44.0,0.0,5.0,0.0,6.0,5.0,9.0,11.0,0.0,30.0,0.0,17.0,0.0,0.0,0.0,0.0,22.0,0.0,0.0,0.0,0.0,0.0,23.0,5.0,4.0,0.0,0.0,0.0,0.0,0.0,0.0,0.0,0.0,5.0,0.0,0.0,0.0,0.0,0.0,0.0,0.0,0.0,0.0,4.0,4.0,3.0,0.0,0.0,0.0,0.0,0.0,7.0,0.0,0.0,0.0,0.0,0.0,7.0,0.0,36.0,0.0,59.0,60.0,0.0,23.0,0.0,0.0,0.0,0.0,0.0
2016-09-25,0.0,0.0,0.0,0.0,0.0,9.0,23.0,0.0,6.0,50.0,9.0,4.0,8.0,0.0,4.0,5.0,9.0,0.0,0.0,0.0,15.0,0.0,0.0,8.0,3.0,10.0,0.0,0.0,0.0,3.0,0.0,9.0,4.0,0.0,0.0,0.0,0.0,14.0,0.0,0.0,6.0,0.0,0.0,4.0,0.0,0.0,0.0,0.0,0.0,0.0,4.0,0.0,0.0,0.0,0.0,0.0,6.0,0.0,7.0,0.0,0.0,0.0,0.0,0.0,0.0,0.0,0.0,0.0,5.0,5.0,0.0,18.0,6.0,0.0,0.0,8.0,0.0,0.0,0.0
2016-10-02,0.0,0.0,0.0,0.0,0.0,0.0,0.0,0.0,0.0,49.0,0.0,0.0,0.0,0.0,0.0,0.0,7.0,0.0,0.0,4.0,0.0,0.0,9.0,0.0,0.0,59.0,0.0,0.0,0.0,0.0,0.0,5.0,0.0,0.0,0.0,0.0,0.0,34.0,0.0,0.0,0.0,0.0,0.0,6.0,0.0,0.0,0.0,0.0,0.0,0.0,0.0,0.0,15.0,23.0,0.0,0.0,0.0,5.0,0.0,8.0,0.0,0.0,0.0,0.0,0.0,0.0,6.0,0.0,0.0,8.0,0.0,7.0,0.0,0.0,0.0,8.0,5.0,0.0,0.0
2016-10-09,0.0,0.0,0.0,0.0,0.0,0.0,0.0,0.0,4.0,35.0,16.0,14.0,0.0,10.0,7.0,0.0,0.0,0.0,4.0,0.0,12.0,4.0,0.0,0.0,5.0,10.0,0.0,0.0,0.0,0.0,0.0,0.0,0.0,0.0,0.0,0.0,0.0,4.0,0.0,0.0,0.0,0.0,0.0,5.0,0.0,0.0,0.0,0.0,0.0,0.0,0.0,4.0,6.0,10.0,0.0,11.0,0.0,0.0,0.0,10.0,11.0,0.0,0.0,3.0,6.0,0.0,10.0,0.0,0.0,6.0,0.0,0.0,6.0,0.0,0.0,8.0,0.0,0.0,0.0
2016-10-16,0.0,0.0,0.0,0.0,0.0,0.0,9.0,0.0,0.0,59.0,0.0,0.0,0.0,5.0,0.0,11.0,209.0,0.0,12.0,0.0,0.0,7.0,0.0,0.0,0.0,22.0,43.0,0.0,0.0,13.0,0.0,6.0,0.0,0.0,0.0,0.0,0.0,0.0,0.0,0.0,15.0,0.0,5.0,4.0,0.0,0.0,0.0,0.0,0.0,0.0,0.0,0.0,9.0,6.0,0.0,0.0,0.0,0.0,0.0,0.0,7.0,0.0,0.0,3.0,0.0,0.0,0.0,0.0,0.0,8.0,0.0,0.0,0.0,0.0,0.0,0.0,0.0,0.0,0.0
2016-10-23,0.0,0.0,0.0,0.0,0.0,0.0,0.0,0.0,0.0,18.0,0.0,0.0,0.0,0.0,0.0,0.0,72.0,0.0,0.0,7.0,0.0,0.0,0.0,0.0,0.0,127.0,0.0,0.0,0.0,0.0,0.0,4.0,0.0,0.0,0.0,0.0,0.0,0.0,0.0,0.0,0.0,0.0,0.0,6.0,0.0,0.0,0.0,0.0,0.0,205.0,0.0,0.0,9.0,27.0,0.0,0.0,0.0,0.0,0.0,0.0,0.0,0.0,0.0,4.0,0.0,0.0,0.0,0.0,0.0,0.0,0.0,0.0,0.0,0.0,0.0,0.0,7.0,0.0,0.0
2016-10-30,0.0,0.0,0.0,0.0,0.0,0.0,0.0,0.0,0.0,28.0,0.0,0.0,0.0,0.0,0.0,0.0,0.0,0.0,0.0,0.0,0.0,0.0,0.0,0.0,0.0,32.0,0.0,0.0,0.0,0.0,0.0,0.0,0.0,0.0,0.0,0.0,0.0,0.0,0.0,4.0,0.0,0.0,0.0,0.0,0.0,0.0,0.0,0.0,0.0,0.0,4.0,0.0,0.0,385.0,310.0,0.0,0.0,0.0,0.0,0.0,5.0,0.0,0.0,0.0,0.0,0.0,0.0,0.0,0.0,0.0,0.0,0.0,0.0,0.0,0.0,0.0,0.0,0.0,0.0
2016-11-06,0.0,0.0,0.0,0.0,0.0,0.0,0.0,4.0,0.0,33.0,0.0,11.0,0.0,0.0,0.0,10.0,11.0,0.0,10.0,0.0,8940.0,5.0,0.0,0.0,8464.0,114.0,0.0,0.0,0.0,0.0,0.0,0.0,0.0,0.0,4.0,0.0,0.0,0.0,0.0,7.0,0.0,0.0,0.0,0.0,0.0,0.0,0.0,0.0,0.0,0.0,0.0,0.0,0.0,21155.0,0.0,0.0,0.0,0.0,0.0,0.0,4.0,0.0,0.0,0.0,0.0,0.0,0.0,0.0,0.0,0.0,0.0,0.0,0.0,0.0,0.0,0.0,0.0,0.0,0.0
2016-11-13,0.0,0.0,0.0,0.0,0.0,0.0,0.0,6.0,0.0,29.0,7.0,0.0,0.0,0.0,0.0,3.0,0.0,13.0,108.0,20.0,0.0,0.0,0.0,0.0,7.0,12.0,0.0,0.0,0.0,0.0,0.0,4.0,0.0,4.0,0.0,0.0,133.0,31.0,0.0,0.0,0.0,37.0,0.0,9.0,0.0,0.0,0.0,0.0,0.0,0.0,0.0,0.0,0.0,1073.0,0.0,0.0,0.0,0.0,0.0,0.0,7.0,0.0,0.0,29.0,8.0,0.0,16.0,0.0,0.0,0.0,39.0,0.0,9.0,0.0,9.0,0.0,0.0,0.0,0.0
2016-11-20,0.0,0.0,0.0,0.0,0.0,718.0,9.0,8.0,215.0,38.0,0.0,5.0,0.0,0.0,5.0,7.0,30.0,0.0,6.0,12.0,0.0,0.0,0.0,0.0,3.0,157.0,0.0,0.0,0.0,0.0,0.0,0.0,0.0,0.0,0.0,4.0,0.0,0.0,0.0,0.0,0.0,62.0,11.0,0.0,0.0,0.0,0.0,0.0,0.0,149.0,0.0,0.0,0.0,2956.0,0.0,0.0,0.0,0.0,0.0,0.0,10.0,0.0,0.0,0.0,12.0,0.0,0.0,0.0,0.0,6.0,8.0,73.0,0.0,0.0,397.0,0.0,0.0,0.0,0.0
2016-11-27,0.0,0.0,0.0,0.0,0.0,19.0,0.0,0.0,4.0,31.0,6.0,0.0,7.0,2.0,0.0,15.0,23.0,0.0,48.0,158.0,4.0,6.0,0.0,0.0,7.0,0.0,10.0,0.0,0.0,0.0,0.0,0.0,0.0,8.0,19.0,0.0,26.0,3.0,0.0,4.0,0.0,0.0,0.0,0.0,0.0,0.0,0.0,0.0,0.0,0.0,0.0,0.0,0.0,19031.0,1337.0,290.0,0.0,8.0,235.0,0.0,6.0,0.0,0.0,0.0,0.0,0.0,0.0,0.0,38.0,47.0,31.0,32.0,0.0,0.0,56.0,0.0,0.0,0.0,0.0
2016-12-04,0.0,0.0,0.0,0.0,0.0,0.0,39.0,0.0,160.0,31.0,0.0,0.0,0.0,0.0,0.0,10.0,269.0,22.0,0.0,0.0,0.0,0.0,0.0,0.0,3.0,37.0,23.0,0.0,0.0,0.0,0.0,0.0,0.0,0.0,0.0,0.0,0.0,5.0,0.0,0.0,20.0,0.0,0.0,0.0,0.0,0.0,0.0,0.0,0.0,0.0,4.0,0.0,0.0,9427.0,0.0,783.0,0.0,0.0,0.0,0.0,5.0,0.0,0.0,0.0,0.0,0.0,6.0,0.0,0.0,0.0,34.0,0.0,0.0,0.0,14.0,0.0,0.0,0.0,0.0
2016-12-11,0.0,0.0,0.0,0.0,15.0,73.0,69.0,45.0,0.0,65.0,0.0,0.0,0.0,0.0,0.0,32.0,59.0,21.0,7.0,6.0,0.0,0.0,4.0,0.0,0.0,100.0,9.0,7.0,0.0,0.0,57.0,7.0,0.0,0.0,0.0,0.0,0.0,0.0,0.0,0.0,0.0,0.0,0.0,0.0,0.0,0.0,0.0,0.0,5.0,0.0,7.0,0.0,0.0,4613.0,0.0,482.0,0.0,0.0,0.0,0.0,0.0,0.0,0.0,0.0,0.0,0.0,0.0,0.0,0.0,0.0,0.0,0.0,0.0,0.0,6.0,0.0,0.0,0.0,0.0
2016-12-18,0.0,0.0,0.0,0.0,6.0,33.0,62.0,72.0,13.0,44.0,0.0,11.0,12.0,0.0,7.0,16.0,305.0,0.0,66.0,0.0,0.0,14.0,0.0,0.0,8.0,19.0,23.0,0.0,0.0,0.0,348.0,9.0,6.0,0.0,13.0,0.0,0.0,23.0,0.0,3.0,0.0,0.0,0.0,7.0,0.0,0.0,0.0,0.0,0.0,0.0,0.0,0.0,6.0,1705.0,0.0,0.0,0.0,0.0,0.0,0.0,7.0,0.0,0.0,0.0,0.0,0.0,0.0,0.0,0.0,0.0,0.0,0.0,0.0,0.0,181.0,0.0,0.0,0.0,0.0
2016-12-25,0.0,0.0,0.0,0.0,0.0,51.0,23.0,12.0,105.0,13.0,0.0,0.0,0.0,0.0,0.0,64.0,614.0,0.0,105.0,13.0,0.0,0.0,20.0,0.0,34.0,129.0,0.0,0.0,0.0,0.0,0.0,0.0,0.0,0.0,12.0,0.0,0.0,2.0,0.0,0.0,120.0,0.0,7.0,149.0,0.0,0.0,0.0,0.0,0.0,0.0,3.0,0.0,0.0,464.0,0.0,7.0,0.0,0.0,0.0,0.0,9.0,0.0,0.0,0.0,4.0,0.0,0.0,0.0,0.0,0.0,62.0,31.0,19.0,0.0,21.0,0.0,0.0,0.0,0.0
2017-01-01,0.0,0.0,0.0,0.0,0.0,0.0,12.0,34.0,118.0,32.0,0.0,0.0,0.0,0.0,0.0,3.0,231.0,21.0,237.0,122.0,5.0,16.0,0.0,17.0,0.0,73.0,5.0,0.0,0.0,0.0,0.0,0.0,0.0,3.0,0.0,0.0,11.0,0.0,0.0,0.0,0.0,0.0,0.0,0.0,0.0,0.0,0.0,0.0,0.0,0.0,0.0,0.0,0.0,17.0,0.0,16.0,0.0,0.0,0.0,0.0,3.0,0.0,0.0,0.0,0.0,0.0,0.0,0.0,14.0,0.0,55.0,28.0,6.0,0.0,125.0,0.0,0.0,0.0,0.0
2017-01-08,0.0,0.0,0.0,0.0,0.0,0.0,0.0,225.0,0.0,67.0,0.0,9.0,0.0,0.0,0.0,167.0,477.0,0.0,3557.0,147.0,0.0,8.0,29.0,0.0,26.0,76.0,41.0,0.0,0.0,0.0,34.0,0.0,0.0,0.0,0.0,0.0,0.0,0.0,0.0,0.0,0.0,0.0,0.0,0.0,0.0,0.0,73.0,0.0,0.0,0.0,6.0,0.0,0.0,488.0,0.0,23.0,0.0,6.0,0.0,5.0,3.0,0.0,0.0,0.0,0.0,0.0,17.0,0.0,12000.0,0.0,10.0,0.0,0.0,0.0,0.0,0.0,0.0,0.0,0.0
2017-01-15,0.0,0.0,0.0,0.0,8.0,1291.0,132.0,124.0,46.0,28.0,0.0,0.0,0.0,0.0,0.0,16.0,642.0,47.0,514.0,37.0,0.0,0.0,0.0,19.0,0.0,166.0,0.0,14.0,0.0,0.0,1300.0,12.0,0.0,0.0,0.0,0.0,0.0,0.0,0.0,142.0,0.0,102.0,199.0,20.0,0.0,0.0,0.0,70.0,0.0,0.0,6.0,0.0,18.0,249.0,9.0,10.0,24.0,58.0,16.0,9.0,9.0,0.0,0.0,200.0,350.0,0.0,6.0,0.0,12.0,261.0,19.0,9.0,170.0,0.0,7499.0,0.0,120.0,0.0,0.0
2017-01-22,0.0,0.0,0.0,0.0,54.0,106.0,0.0,0.0,0.0,44.0,0.0,5.0,0.0,0.0,0.0,8.0,1634.0,7.0,539.0,579.0,16.0,7.0,9.0,0.0,0.0,29.0,29.0,125.0,0.0,0.0,102.0,20.0,0.0,6.0,0.0,0.0,0.0,11.0,0.0,0.0,6.0,3322.0,74.0,22.0,30.0,15.0,0.0,0.0,0.0,0.0,4.0,0.0,5.0,223.0,13.0,26.0,0.0,18.0,22.0,0.0,0.0,0.0,0.0,7.0,7.0,0.0,0.0,0.0,8.0,0.0,49.0,8.0,0.0,7.0,516.0,0.0,3.0,0.0,0.0
2017-01-29,0.0,0.0,0.0,0.0,8.0,0.0,54.0,29.0,0.0,21.0,0.0,0.0,0.0,0.0,0.0,12.0,236.0,172.0,731.0,486.0,31.0,10.0,36.0,8.0,0.0,31.0,0.0,0.0,0.0,0.0,918.0,0.0,3.0,3.0,0.0,0.0,5.0,0.0,0.0,0.0,0.0,211.0,137.0,31.0,93.0,0.0,8.0,0.0,156.0,0.0,0.0,0.0,0.0,493.0,0.0,41.0,105.0,110.0,315.0,0.0,0.0,0.0,0.0,0.0,200.0,0.0,0.0,0.0,900.0,0.0,142.0,7.0,240.0,206.0,394.0,0.0,5.0,0.0,1310.0
2017-02-05,0.0,0.0,0.0,0.0,0.0,240.0,1099.0,1946.0,200.0,6.0,0.0,11.0,0.0,0.0,7.0,55.0,3150.0,1768.0,2275.0,126.0,0.0,10.0,0.0,0.0,0.0,284.0,0.0,0.0,0.0,0.0,0.0,0.0,0.0,0.0,200.0,0.0,18.0,0.0,0.0,0.0,0.0,3341.0,0.0,114.0,0.0,0.0,0.0,0.0,168.0,77.0,0.0,0.0,249.0,1757.0,246.0,255.0,113.0,29.0,7.0,4.0,5.0,0.0,0.0,0.0,520.0,0.0,120.0,0.0,7.0,2755.0,731.0,100.0,940.0,14.0,1328.0,0.0,167.0,0.0,0.0
2017-02-12,0.0,0.0,0.0,0.0,0.0,100.0,0.0,258.0,93.0,12.0,4.0,6.0,0.0,0.0,0.0,4.0,48.0,0.0,325.0,147.0,0.0,0.0,0.0,0.0,0.0,176.0,0.0,0.0,0.0,0.0,34.0,719.0,0.0,0.0,200.0,0.0,52.0,0.0,0.0,478.0,0.0,1185.0,0.0,0.0,0.0,2458.0,8.0,0.0,252.0,0.0,0.0,0.0,131.0,4804.0,428.0,517.0,570.0,26.0,7.0,0.0,3.0,0.0,0.0,0.0,0.0,0.0,0.0,0.0,0.0,885.0,7.0,7.0,0.0,13.0,391.0,0.0,11.0,0.0,0.0
2017-02-19,0.0,0.0,0.0,0.0,0.0,8.0,66.0,8.0,686.0,40.0,11.0,26.0,7.0,0.0,0.0,214.0,6421.0,2190.0,3302.0,1893.0,135.0,0.0,15.0,5.0,2208.0,521.0,807.0,0.0,0.0,0.0,150.0,5689.0,0.0,0.0,25.0,0.0,209.0,243.0,0.0,398.0,235.0,3140.0,13.0,43.0,240.0,2496.0,330.0,47.0,100.0,4.0,0.0,0.0,0.0,353.0,0.0,15.0,0.0,4566.0,0.0,9.0,6.0,0.0,0.0,0.0,0.0,0.0,6.0,0.0,7.0,5.0,7.0,0.0,0.0,7.0,6.0,0.0,110.0,0.0,0.0
2017-02-26,0.0,0.0,0.0,0.0,0.0,403.0,737.0,2000.0,1245.0,12.0,0.0,6.0,0.0,0.0,0.0,1171.0,9479.0,1632.0,3488.0,567.0,8.0,5.0,0.0,74.0,20.0,400.0,671.0,0.0,1300.0,1354.0,0.0,108.0,53.0,0.0,0.0,5.0,157.0,18.0,0.0,0.0,715.0,219.0,1512.0,2021.0,1593.0,1509.0,0.0,8.0,147.0,518.0,0.0,0.0,21.0,1693.0,1575.0,15.0,400.0,20.0,113.0,0.0,8.0,0.0,0.0,336.0,0.0,0.0,0.0,0.0,0.0,287.0,13.0,6.0,0.0,1405.0,19.0,0.0,21.0,0.0,0.0
2017-03-05,0.0,7.0,0.0,0.0,300.0,753.0,389.0,724.0,774.0,30.0,7.0,3.0,0.0,0.0,0.0,961.0,9077.0,70.0,1114.0,952.0,399.0,257.0,44.0,49.0,8.0,497.0,675.0,0.0,1886.0,120.0,0.0,1851.0,5.0,24.0,0.0,0.0,52.0,26.0,0.0,0.0,13.0,757.0,34.0,63.0,0.0,12.0,574.0,0.0,9.0,0.0,9.0,16.0,300.0,498.0,0.0,389.0,0.0,4051.0,0.0,0.0,3.0,0.0,0.0,1658.0,0.0,0.0,0.0,0.0,1800.0,8022.0,3372.0,8239.0,0.0,7.0,8.0,0.0,16.0,0.0,0.0
2017-03-12,0.0,0.0,0.0,0.0,0.0,225.0,924.0,867.0,234.0,15.0,0.0,0.0,112.0,0.0,17.0,266.0,11009.0,210.0,2026.0,1852.0,16.0,330.0,5.0,0.0,240.0,299.0,23.0,318.0,0.0,108.0,100.0,2697.0,984.0,0.0,0.0,0.0,1004.0,404.0,0.0,96.0,8.0,5807.0,48.0,279.0,311.0,130.0,18.0,21.0,636.0,0.0,0.0,0.0,826.0,667.0,8.0,358.0,725.0,205.0,6.0,0.0,5.0,0.0,0.0,2286.0,9204.0,0.0,25.0,0.0,5162.0,3060.0,4046.0,6997.0,0.0,2136.0,1288.0,0.0,32.0,0.0,0.0
2017-03-19,0.0,416.0,0.0,5.0,0.0,151.0,2158.0,1742.0,1420.0,17.0,0.0,6.0,300.0,0.0,0.0,2036.0,11289.0,3011.0,2848.0,2102.0,180.0,6.0,576.0,486.0,6.0,387.0,195.0,0.0,0.0,127.0,0.0,1792.0,306.0,0.0,22.0,5.0,640.0,468.0,0.0,436.0,41.0,21911.0,3012.0,924.0,0.0,0.0,23.0,400.0,51.0,0.0,0.0,0.0,105.0,242.0,682.0,0.0,112.0,146.0,0.0,0.0,0.0,0.0,0.0,0.0,1213.0,0.0,0.0,0.0,4164.0,1471.0,4890.0,641.0,7.0,2037.0,16.0,0.0,18.0,0.0,120.0
2017-03-26,0.0,127.0,0.0,0.0,404.0,1022.0,1475.0,2457.0,2967.0,9.0,6.0,7.0,0.0,0.0,3.0,1283.0,10113.0,244.0,3236.0,4139.0,12.0,142.0,25.0,13.0,0.0,296.0,60.0,0.0,0.0,0.0,0.0,5.0,822.0,0.0,2.0,0.0,651.0,406.0,0.0,160.0,390.0,28148.0,0.0,2753.0,1890.0,158.0,138.0,377.0,379.0,0.0,195.0,0.0,0.0,1722.0,43.0,133.0,379.0,138.0,0.0,0.0,24.0,0.0,0.0,4714.0,1840.0,0.0,0.0,0.0,2170.0,155.0,180.0,560.0,0.0,5242.0,268.0,0.0,26.0,0.0,102.0
2017-04-02,0.0,8.0,0.0,0.0,0.0,1035.0,1368.0,736.0,612.0,16.0,650.0,0.0,0.0,0.0,0.0,27.0,6593.0,817.0,2532.0,3038.0,0.0,0.0,0.0,0.0,0.0,316.0,10.0,0.0,0.0,8.0,107.0,212.0,0.0,0.0,0.0,0.0,233.0,457.0,0.0,0.0,0.0,3097.0,0.0,248.0,0.0,0.0,0.0,4.0,174.0,47.0,212.0,42.0,25.0,164.0,30.0,0.0,312.0,0.0,100.0,150.0,12.0,0.0,0.0,2022.0,538.0,0.0,0.0,0.0,1575.0,1571.0,5.0,458.0,563.0,2208.0,33.0,0.0,128.0,0.0,117.0
2017-04-09,0.0,138.0,180.0,0.0,441.0,618.0,673.0,1086.0,1101.0,25.0,1286.0,70.0,5.0,5.0,33.0,39.0,6617.0,763.0,2127.0,2340.0,12.0,0.0,56.0,0.0,0.0,167.0,5.0,0.0,0.0,0.0,0.0,6.0,0.0,6.0,0.0,0.0,336.0,144.0,0.0,0.0,0.0,6248.0,307.0,498.0,610.0,310.0,0.0,112.0,0.0,0.0,0.0,0.0,14.0,359.0,20.0,0.0,267.0,132.0,0.0,3.0,0.0,0.0,0.0,1643.0,240.0,0.0,27.0,0.0,299.0,1345.0,0.0,0.0,171.0,1715.0,331.0,0.0,21.0,0.0,8.0
2017-04-16,0.0,149.0,0.0,0.0,0.0,291.0,982.0,1169.0,1215.0,6.0,190.0,0.0,0.0,0.0,0.0,27.0,4861.0,1609.0,3078.0,2911.0,0.0,6.0,8.0,0.0,0.0,200.0,0.0,0.0,0.0,20.0,0.0,3.0,0.0,7.0,0.0,0.0,750.0,573.0,0.0,0.0,0.0,1502.0,0.0,110.0,726.0,0.0,0.0,598.0,0.0,39.0,0.0,0.0,1206.0,508.0,45.0,0.0,0.0,121.0,102.0,0.0,0.0,0.0,0.0,16.0,330.0,0.0,0.0,0.0,487.0,497.0,0.0,0.0,477.0,802.0,410.0,0.0,132.0,0.0,0.0
2017-04-23,0.0,33.0,0.0,0.0,9.0,722.0,424.0,667.0,355.0,60.0,207.0,3.0,0.0,600.0,0.0,117.0,8899.0,341.0,2459.0,2851.0,0.0,9.0,25.0,0.0,0.0,223.0,0.0,0.0,0.0,0.0,13.0,100.0,5.0,42.0,17.0,0.0,39.0,8.0,0.0,282.0,0.0,8136.0,702.0,6047.0,1014.0,0.0,0.0,9.0,220.0,0.0,0.0,0.0,307.0,350.0,12.0,0.0,9.0,110.0,16.0,0.0,0.0,0.0,0.0,16.0,450.0,0.0,5.0,0.0,14.0,272.0,1215.0,131.0,462.0,2364.0,40.0,180.0,32.0,12.0,5.0
2017-04-30,0.0,15.0,0.0,0.0,0.0,538.0,1216.0,324.0,0.0,5.0,729.0,0.0,230.0,120.0,0.0,47.0,8183.0,284.0,2517.0,1574.0,0.0,9.0,0.0,0.0,0.0,189.0,0.0,0.0,0.0,116.0,0.0,819.0,0.0,11.0,25.0,0.0,17.0,14.0,0.0,0.0,0.0,2484.0,0.0,0.0,3000.0,1722.0,0.0,327.0,0.0,0.0,1470.0,0.0,0.0,558.0,844.0,0.0,0.0,0.0,0.0,360.0,6.0,0.0,0.0,438.0,25.0,0.0,0.0,0.0,8.0,200.0,26.0,172.0,510.0,2525.0,16.0,0.0,6.0,0.0,9.0
2017-05-07,0.0,16.0,0.0,0.0,45.0,600.0,724.0,508.0,138.0,39.0,120.0,31.0,0.0,8.0,0.0,37.0,654.0,0.0,63.0,431.0,0.0,7.0,0.0,0.0,0.0,42.0,5.0,0.0,0.0,0.0,0.0,14.0,258.0,0.0,0.0,0.0,0.0,12.0,0.0,0.0,0.0,0.0,0.0,270.0,180.0,0.0,0.0,0.0,0.0,0.0,0.0,0.0,0.0,396.0,0.0,24.0,0.0,0.0,0.0,0.0,21.0,0.0,0.0,1823.0,1436.0,0.0,0.0,0.0,0.0,0.0,848.0,208.0,12.0,0.0,0.0,0.0,0.0,23.0,22.0
2017-05-14,0.0,12.0,0.0,0.0,16.0,28.0,41.0,316.0,13.0,40.0,3.0,21.0,0.0,0.0,0.0,5.0,709.0,0.0,1270.0,545.0,0.0,8.0,0.0,0.0,0.0,108.0,6.0,0.0,0.0,0.0,0.0,4.0,8.0,6.0,0.0,0.0,34.0,0.0,0.0,0.0,0.0,798.0,151.0,183.0,2500.0,216.0,0.0,0.0,102.0,0.0,0.0,32.0,0.0,26.0,0.0,0.0,0.0,0.0,0.0,1808.0,18.0,0.0,0.0,5207.0,22.0,0.0,5.0,0.0,140.0,6.0,125.0,2206.0,0.0,77.0,900.0,0.0,5.0,25.0,16.0
2017-05-21,0.0,8.0,0.0,0.0,4.0,15.0,13.0,1002.0,0.0,6.0,0.0,8.0,0.0,700.0,0.0,0.0,923.0,0.0,403.0,127.0,0.0,0.0,0.0,0.0,0.0,194.0,0.0,0.0,456.0,0.0,19.0,15.0,0.0,0.0,0.0,14.0,13.0,48.0,0.0,0.0,0.0,1116.0,0.0,672.0,1122.0,0.0,0.0,10.0,0.0,0.0,0.0,0.0,168.0,1233.0,0.0,16.0,100.0,0.0,9.0,1200.0,9.0,0.0,0.0,0.0,4.0,0.0,0.0,0.0,153.0,0.0,16.0,158.0,0.0,20.0,0.0,0.0,0.0,26.0,7.0
2017-05-28,0.0,15.0,0.0,0.0,4.0,1200.0,700.0,600.0,0.0,56.0,0.0,21.0,0.0,0.0,0.0,18.0,227.0,177.0,269.0,434.0,8.0,8.0,0.0,0.0,0.0,21.0,0.0,0.0,0.0,0.0,99.0,6.0,7.0,0.0,0.0,0.0,31.0,8.0,0.0,0.0,0.0,0.0,0.0,0.0,0.0,0.0,0.0,0.0,0.0,0.0,0.0,0.0,0.0,147.0,0.0,7.0,0.0,0.0,0.0,0.0,12.0,0.0,0.0,4080.0,0.0,0.0,0.0,0.0,0.0,0.0,0.0,0.0,0.0,0.0,0.0,0.0,124.0,7.0,0.0
2017-06-04,0.0,0.0,0.0,0.0,0.0,400.0,108.0,208.0,206.0,40.0,19.0,23.0,0.0,0.0,0.0,13.0,667.0,124.0,290.0,200.0,0.0,16.0,0.0,0.0,0.0,61.0,0.0,0.0,0.0,0.0,21.0,26.0,31.0,0.0,0.0,0.0,19.0,16.0,0.0,7.0,0.0,0.0,0.0,0.0,0.0,0.0,0.0,0.0,0.0,0.0,0.0,0.0,17.0,28.0,0.0,0.0,0.0,0.0,0.0,0.0,8.0,0.0,0.0,0.0,0.0,0.0,0.0,0.0,0.0,0.0,0.0,0.0,0.0,0.0,0.0,0.0,104.0,21.0,7.0
2017-06-11,0.0,8.0,0.0,0.0,0.0,200.0,302.0,100.0,13.0,29.0,13.0,13.0,0.0,2.0,0.0,23.0,989.0,123.0,166.0,507.0,0.0,696.0,5.0,0.0,7.0,265.0,317.0,0.0,0.0,0.0,205.0,7.0,0.0,0.0,0.0,0.0,13.0,0.0,0.0,0.0,0.0,0.0,0.0,0.0,0.0,0.0,13.0,8.0,6.0,0.0,0.0,0.0,0.0,465.0,0.0,375.0,0.0,0.0,0.0,0.0,30.0,0.0,0.0,0.0,0.0,0.0,2.0,0.0,0.0,0.0,0.0,0.0,14.0,0.0,0.0,0.0,6.0,33.0,8.0
2017-06-18,5.0,12.0,0.0,0.0,0.0,1850.0,0.0,0.0,19.0,15.0,0.0,16.0,0.0,0.0,0.0,37.0,7039.0,284.0,36.0,236.0,0.0,302.0,7.0,0.0,112.0,50.0,0.0,0.0,0.0,200.0,23.0,17.0,5.0,163.0,0.0,0.0,0.0,7.0,0.0,0.0,0.0,0.0,0.0,0.0,0.0,0.0,0.0,123.0,0.0,0.0,0.0,0.0,0.0,58.0,0.0,141.0,0.0,0.0,0.0,0.0,16.0,0.0,0.0,0.0,0.0,0.0,0.0,0.0,13.0,0.0,0.0,0.0,120.0,0.0,0.0,0.0,7.0,14.0,0.0
2017-06-25,0.0,0.0,6.0,0.0,0.0,1564.0,100.0,782.0,0.0,0.0,0.0,14.0,0.0,0.0,0.0,50.0,3170.0,300.0,15.0,687.0,0.0,346.0,5.0,0.0,0.0,30.0,4110.0,0.0,0.0,4488.0,308.0,0.0,206.0,0.0,0.0,0.0,0.0,0.0,0.0,0.0,0.0,4434.0,0.0,0.0,5780.0,0.0,0.0,0.0,0.0,0.0,0.0,0.0,0.0,15.0,0.0,12.0,0.0,102.0,0.0,0.0,6.0,0.0,0.0,0.0,0.0,0.0,0.0,0.0,43.0,0.0,0.0,0.0,417.0,0.0,105.0,0.0,5.0,11.0,0.0
2017-07-02,0.0,0.0,0.0,0.0,0.0,1300.0,300.0,500.0,0.0,21.0,0.0,9.0,0.0,0.0,0.0,26.0,3086.0,0.0,497.0,400.0,0.0,300.0,7.0,0.0,370.0,138.0,0.0,0.0,0.0,0.0,0.0,706.0,7.0,0.0,0.0,0.0,0.0,0.0,0.0,0.0,0.0,0.0,0.0,0.0,0.0,0.0,0.0,0.0,0.0,0.0,0.0,0.0,0.0,0.0,0.0,13.0,0.0,6.0,7.0,1970.0,5.0,0.0,0.0,0.0,0.0,0.0,0.0,0.0,98.0,8.0,153.0,209.0,824.0,17.0,0.0,0.0,20.0,31.0,0.0
2017-07-09,0.0,6.0,0.0,0.0,0.0,915.0,300.0,440.0,1350.0,29.0,0.0,12.0,0.0,0.0,0.0,49.0,4430.0,0.0,1675.0,778.0,123.0,1262.0,0.0,0.0,7.0,0.0,0.0,0.0,0.0,4.0,20.0,812.0,789.0,851.0,0.0,0.0,0.0,5.0,0.0,0.0,0.0,0.0,0.0,0.0,0.0,0.0,0.0,0.0,0.0,0.0,0.0,0.0,0.0,22.0,3.0,9.0,0.0,0.0,0.0,0.0,4.0,0.0,0.0,0.0,467.0,0.0,0.0,0.0,131.0,117.0,1190.0,1135.0,65.0,468.0,0.0,0.0,31.0,49.0,0.0
2017-07-16,0.0,8.0,0.0,0.0,0.0,207.0,1000.0,200.0,0.0,43.0,7.0,27.0,0.0,0.0,0.0,29.0,5532.0,0.0,649.0,358.0,5.0,1186.0,500.0,0.0,255.0,0.0,0.0,0.0,0.0,0.0,40.0,290.0,110.0,395.0,0.0,0.0,10.0,8.0,0.0,0.0,0.0,0.0,0.0,0.0,676.0,0.0,7.0,24.0,7.0,0.0,0.0,0.0,18.0,13.0,7.0,136.0,0.0,0.0,0.0,0.0,0.0,0.0,0.0,0.0,803.0,0.0,0.0,0.0,151.0,219.0,1626.0,784.0,123.0,493.0,0.0,0.0,406.0,20.0,0.0
2017-07-23,0.0,13.0,0.0,0.0,48.0,1312.0,1000.0,1565.0,0.0,44.0,4.0,6.0,0.0,0.0,0.0,107.0,3638.0,0.0,790.0,1128.0,0.0,237.0,0.0,0.0,0.0,40.0,5.0,0.0,0.0,0.0,22.0,4.0,0.0,215.0,0.0,0.0,6.0,0.0,0.0,0.0,0.0,0.0,0.0,0.0,0.0,0.0,22.0,6.0,7.0,0.0,0.0,0.0,0.0,482.0,0.0,10.0,0.0,23.0,0.0,0.0,8.0,0.0,0.0,0.0,0.0,0.0,17.0,0.0,286.0,339.0,915.0,769.0,450.0,8.0,15.0,0.0,87.0,50.0,12.0
2017-07-30,0.0,360.0,0.0,0.0,234.0,2104.0,2202.0,1500.0,600.0,58.0,15.0,6.0,0.0,0.0,0.0,26.0,2321.0,0.0,649.0,415.0,0.0,433.0,274.0,0.0,4.0,41.0,4.0,0.0,0.0,0.0,120.0,339.0,20.0,350.0,0.0,0.0,0.0,0.0,0.0,0.0,0.0,171.0,0.0,0.0,0.0,0.0,5.0,8.0,16.0,0.0,0.0,0.0,8.0,7.0,0.0,0.0,0.0,0.0,7.0,0.0,0.0,0.0,0.0,30.0,261.0,0.0,0.0,0.0,127.0,24.0,776.0,484.0,31.0,678.0,14.0,0.0,47.0,27.0,0.0
2017-08-06,0.0,0.0,0.0,0.0,305.0,0.0,850.0,1782.0,112.0,32.0,0.0,22.0,0.0,0.0,0.0,9.0,1576.0,286.0,477.0,527.0,9.0,716.0,0.0,0.0,5.0,69.0,13.0,0.0,0.0,0.0,0.0,14.0,125.0,5.0,0.0,0.0,24.0,0.0,0.0,0.0,0.0,12.0,985.0,0.0,0.0,0.0,0.0,0.0,0.0,0.0,0.0,0.0,0.0,113.0,0.0,105.0,0.0,64.0,0.0,0.0,30.0,0.0,0.0,290.0,91.0,0.0,0.0,0.0,38.0,13.0,575.0,115.0,830.0,45.0,13.0,0.0,71.0,14.0,10.0
2017-08-13,0.0,29.0,0.0,0.0,233.0,600.0,1200.0,902.0,792.0,48.0,0.0,55.0,0.0,0.0,0.0,8.0,1516.0,674.0,1456.0,565.0,7.0,14.0,0.0,0.0,9.0,4.0,5.0,0.0,0.0,114.0,27.0,7.0,5.0,9.0,6.0,0.0,4.0,7.0,0.0,0.0,0.0,1500.0,0.0,0.0,0.0,0.0,0.0,0.0,20.0,0.0,0.0,0.0,9.0,24.0,0.0,35.0,7.0,113.0,9.0,0.0,27.0,0.0,0.0,163.0,127.0,0.0,0.0,0.0,98.0,5.0,146.0,130.0,502.0,17.0,24.0,0.0,14.0,20.0,25.0
2017-08-20,0.0,36.0,0.0,0.0,0.0,1450.0,426.0,403.0,320.0,68.0,9.0,42.0,0.0,7.0,0.0,22.0,1721.0,13.0,834.0,450.0,9.0,0.0,6.0,0.0,0.0,217.0,0.0,0.0,0.0,0.0,0.0,18.0,6.0,33.0,0.0,0.0,30.0,5.0,0.0,0.0,0.0,0.0,0.0,0.0,0.0,0.0,0.0,25.0,6.0,0.0,0.0,0.0,17.0,15.0,24.0,128.0,0.0,186.0,12.0,7.0,7.0,0.0,0.0,422.0,277.0,0.0,0.0,0.0,119.0,18.0,178.0,133.0,184.0,26.0,150.0,0.0,3.0,29.0,0.0
2017-08-27,8.0,15.0,8.0,0.0,119.0,0.0,0.0,216.0,221.0,49.0,0.0,9.0,0.0,3.0,4.0,30.0,2432.0,6.0,1682.0,461.0,0.0,17.0,6.0,0.0,0.0,47.0,5.0,0.0,0.0,0.0,0.0,25.0,25.0,6.0,0.0,0.0,28.0,22.0,0.0,0.0,0.0,0.0,0.0,0.0,0.0,0.0,21.0,24.0,35.0,4.0,0.0,0.0,12.0,30.0,26.0,20.0,0.0,0.0,7.0,0.0,10.0,0.0,0.0,497.0,428.0,0.0,189.0,0.0,102.0,0.0,0.0,5.0,75.0,9.0,31.0,120.0,48.0,37.0,12.0
2017-09-03,0.0,0.0,0.0,0.0,0.0,0.0,0.0,0.0,143.0,39.0,8.0,22.0,0.0,0.0,0.0,72.0,608.0,338.0,382.0,138.0,0.0,6.0,0.0,0.0,0.0,13.0,0.0,0.0,0.0,0.0,0.0,0.0,0.0,0.0,0.0,0.0,0.0,0.0,0.0,5.0,8.0,0.0,0.0,0.0,0.0,0.0,0.0,0.0,0.0,0.0,4.0,0.0,0.0,62.0,6.0,0.0,0.0,17.0,6.0,0.0,0.0,0.0,0.0,516.0,276.0,0.0,17.0,0.0,36.0,0.0,9.0,0.0,11.0,19.0,778.0,120.0,13.0,22.0,0.0
2017-09-10,7.0,7.0,0.0,0.0,0.0,0.0,19.0,203.0,518.0,71.0,0.0,40.0,0.0,0.0,0.0,32.0,1334.0,127.0,274.0,482.0,5.0,14.0,0.0,0.0,0.0,31.0,0.0,0.0,0.0,0.0,166.0,5.0,17.0,41.0,0.0,0.0,17.0,24.0,0.0,0.0,0.0,0.0,0.0,12.0,0.0,156.0,0.0,0.0,249.0,0.0,0.0,0.0,71.0,42.0,5.0,26.0,260.0,0.0,0.0,0.0,22.0,0.0,0.0,277.0,125.0,0.0,52.0,0.0,0.0,125.0,276.0,34.0,0.0,450.0,997.0,0.0,273.0,36.0,192.0
2017-09-17,7.0,7.0,0.0,0.0,0.0,700.0,1200.0,700.0,18.0,156.0,0.0,14.0,0.0,0.0,5.0,16.0,944.0,0.0,1317.0,639.0,11.0,136.0,0.0,12.0,0.0,144.0,0.0,0.0,0.0,0.0,0.0,12.0,0.0,9.0,219.0,13.0,22.0,4.0,0.0,0.0,0.0,0.0,0.0,0.0,0.0,0.0,72.0,60.0,56.0,0.0,8.0,68.0,100.0,92.0,6.0,34.0,333.0,0.0,15.0,0.0,15.0,0.0,0.0,163.0,184.0,0.0,454.0,0.0,0.0,21.0,28.0,52.0,0.0,660.0,77.0,7.0,367.0,34.0,0.0
2017-09-24,7.0,15.0,6.0,0.0,6.0,0.0,0.0,0.0,30.0,120.0,8.0,5.0,0.0,0.0,0.0,10.0,1921.0,0.0,831.0,444.0,4.0,10.0,0.0,0.0,570.0,174.0,0.0,0.0,0.0,7.0,0.0,16.0,0.0,0.0,0.0,0.0,0.0,0.0,0.0,0.0,0.0,0.0,820.0,9.0,0.0,0.0,61.0,33.0,0.0,0.0,0.0,49.0,18.0,131.0,0.0,1302.0,644.0,0.0,5.0,0.0,5.0,0.0,0.0,85.0,128.0,0.0,338.0,0.0,36.0,27.0,10.0,9.0,16.0,572.0,164.0,7.0,244.0,21.0,0.0
2017-10-01,8.0,0.0,0.0,0.0,0.0,0.0,0.0,0.0,12.0,61.0,0.0,14.0,0.0,0.0,0.0,14.0,227.0,165.0,457.0,603.0,5.0,28.0,13.0,0.0,0.0,100.0,0.0,0.0,0.0,0.0,45.0,16.0,9.0,6.0,29.0,4.0,21.0,4.0,0.0,8.0,0.0,0.0,0.0,11.0,0.0,0.0,49.0,10.0,0.0,0.0,0.0,0.0,0.0,7.0,6.0,0.0,0.0,0.0,5.0,0.0,14.0,0.0,0.0,61.0,103.0,0.0,1320.0,0.0,10.0,22.0,18.0,19.0,8.0,135.0,19.0,8.0,516.0,30.0,0.0
2017-10-08,8.0,15.0,0.0,0.0,411.0,310.0,0.0,7.0,221.0,109.0,0.0,52.0,0.0,0.0,0.0,0.0,1088.0,13.0,239.0,863.0,135.0,15.0,0.0,0.0,0.0,30.0,0.0,0.0,0.0,0.0,0.0,16.0,8.0,13.0,13.0,5.0,28.0,33.0,0.0,0.0,0.0,0.0,0.0,0.0,0.0,0.0,20.0,16.0,16.0,0.0,0.0,0.0,12.0,25.0,8.0,496.0,0.0,8.0,5.0,4.0,6.0,0.0,0.0,100.0,142.0,0.0,1159.0,0.0,0.0,0.0,8.0,17.0,9.0,0.0,82.0,18.0,11.0,25.0,5.0
2017-10-15,0.0,7.0,0.0,0.0,0.0,6.0,189.0,343.0,32.0,44.0,0.0,12.0,0.0,0.0,0.0,2224.0,765.0,100.0,775.0,418.0,12.0,0.0,11.0,0.0,0.0,322.0,0.0,0.0,0.0,0.0,95.0,9.0,10.0,7.0,109.0,0.0,7.0,37.0,0.0,150.0,6.0,0.0,0.0,0.0,0.0,0.0,16.0,14.0,1.0,0.0,0.0,0.0,3.0,12.0,16.0,527.0,0.0,0.0,0.0,0.0,5.0,0.0,0.0,129.0,194.0,0.0,0.0,0.0,0.0,8.0,0.0,0.0,13.0,0.0,56.0,0.0,9.0,36.0,15.0
2017-10-22,0.0,0.0,8.0,0.0,6.0,750.0,872.0,567.0,0.0,91.0,0.0,17.0,0.0,6.0,0.0,583.0,1051.0,17.0,324.0,243.0,0.0,0.0,0.0,0.0,0.0,89.0,0.0,7.0,0.0,0.0,233.0,54.0,0.0,5.0,98.0,0.0,21.0,0.0,0.0,0.0,18.0,0.0,0.0,162.0,0.0,3.0,84.0,19.0,0.0,0.0,0.0,36.0,6.0,135.0,25.0,294.0,0.0,240.0,0.0,0.0,6.0,0.0,0.0,101.0,194.0,0.0,9.0,0.0,0.0,0.0,0.0,0.0,23.0,210.0,0.0,0.0,0.0,7.0,0.0
2017-10-29,6.0,8.0,0.0,0.0,6.0,0.0,0.0,0.0,120.0,91.0,117.0,37.0,0.0,9.0,5.0,272.0,885.0,24.0,160.0,24.0,24.0,32.0,0.0,0.0,1030.0,11.0,3.0,0.0,0.0,0.0,36.0,0.0,6.0,9.0,41.0,8.0,30.0,12.0,0.0,0.0,0.0,0.0,0.0,0.0,0.0,0.0,0.0,0.0,0.0,0.0,0.0,0.0,21.0,55.0,0.0,7.0,0.0,4.0,0.0,0.0,21.0,0.0,0.0,79.0,244.0,0.0,285.0,0.0,10.0,6.0,23.0,18.0,69.0,138.0,7.0,15.0,27.0,47.0,0.0
2017-11-05,0.0,6.0,8.0,0.0,0.0,0.0,150.0,0.0,5.0,75.0,10.0,39.0,19.0,15.0,0.0,343.0,710.0,5.0,604.0,452.0,0.0,7.0,0.0,0.0,0.0,124.0,0.0,0.0,0.0,0.0,32.0,13.0,23.0,30.0,52.0,0.0,16.0,28.0,0.0,24.0,21.0,0.0,0.0,0.0,0.0,0.0,0.0,0.0,0.0,0.0,0.0,0.0,9.0,6.0,0.0,8.0,7.0,22.0,354.0,31.0,139.0,0.0,0.0,72.0,129.0,0.0,312.0,0.0,0.0,5.0,9.0,7.0,20.0,24.0,174.0,0.0,16.0,0.0,0.0
2017-11-12,7.0,6.0,0.0,0.0,0.0,0.0,300.0,0.0,0.0,132.0,245.0,39.0,17.0,27.0,6.0,192.0,314.0,133.0,119.0,260.0,0.0,23.0,0.0,0.0,250.0,4.0,57.0,6.0,0.0,0.0,0.0,14.0,0.0,16.0,0.0,0.0,11.0,24.0,0.0,42.0,0.0,0.0,24.0,11.0,0.0,3.0,0.0,15.0,11.0,5.0,0.0,0.0,16.0,66.0,0.0,13.0,8.0,0.0,41.0,354.0,537.0,0.0,0.0,66.0,151.0,0.0,61.0,0.0,16.0,27.0,28.0,26.0,38.0,50.0,48.0,0.0,17.0,11.0,7.0
2017-11-19,6.0,7.0,0.0,0.0,22.0,150.0,4.0,0.0,13.0,52.0,33.0,12.0,14.0,41.0,5.0,22.0,955.0,156.0,368.0,238.0,0.0,11.0,13.0,5.0,4.0,5.0,6.0,0.0,0.0,35.0,11.0,29.0,11.0,0.0,0.0,0.0,4.0,17.0,0.0,5.0,11.0,0.0,0.0,5.0,7.0,0.0,0.0,5.0,0.0,0.0,4.0,0.0,9.0,39.0,13.0,29.0,0.0,6.0,18.0,19.0,110.0,67.0,0.0,57.0,212.0,0.0,0.0,0.0,0.0,264.0,11.0,6.0,11.0,10.0,0.0,0.0,21.0,9.0,0.0
2017-11-26,6.0,0.0,0.0,0.0,13.0,6.0,0.0,0.0,0.0,59.0,0.0,31.0,53.0,0.0,5.0,53.0,190.0,100.0,54.0,16.0,0.0,8.0,0.0,0.0,8.0,4.0,0.0,0.0,0.0,19.0,0.0,36.0,26.0,14.0,10.0,0.0,35.0,16.0,0.0,8.0,0.0,0.0,0.0,2.0,0.0,0.0,0.0,0.0,0.0,0.0,0.0,0.0,8.0,77.0,10.0,73.0,22.0,0.0,0.0,0.0,38.0,384.0,0.0,24.0,215.0,0.0,0.0,0.0,0.0,0.0,9.0,34.0,16.0,19.0,89.0,0.0,19.0,32.0,19.0
2017-12-03,0.0,13.0,0.0,0.0,14.0,5.0,8.0,12.0,8.0,36.0,147.0,22.0,169.0,11.0,24.0,145.0,138.0,0.0,20.0,16.0,21.0,0.0,8.0,0.0,0.0,30.0,0.0,0.0,0.0,0.0,5.0,29.0,8.0,0.0,6.0,5.0,5.0,10.0,0.0,0.0,0.0,0.0,0.0,0.0,0.0,0.0,0.0,11.0,0.0,4.0,16.0,0.0,7.0,13.0,0.0,20.0,0.0,0.0,0.0,10.0,0.0,34.0,0.0,14.0,25.0,0.0,122.0,0.0,0.0,0.0,0.0,0.0,0.0,0.0,157.0,0.0,12.0,13.0,40.0
2017-12-10,7.0,0.0,0.0,0.0,5.0,10.0,0.0,7.0,128.0,63.0,17.0,36.0,0.0,15.0,113.0,80.0,590.0,6.0,189.0,309.0,5.0,12.0,0.0,0.0,0.0,18.0,0.0,7.0,0.0,5.0,95.0,7.0,6.0,17.0,0.0,0.0,12.0,5.0,0.0,0.0,0.0,0.0,0.0,0.0,0.0,0.0,12.0,8.0,5.0,6.0,8.0,0.0,0.0,16.0,152.0,0.0,0.0,0.0,0.0,0.0,24.0,0.0,0.0,43.0,5.0,0.0,337.0,0.0,5.0,0.0,17.0,20.0,6.0,0.0,133.0,0.0,74.0,12.0,28.0
2017-12-17,0.0,8.0,130.0,0.0,0.0,1250.0,2050.0,6.0,100.0,94.0,5.0,10.0,13.0,440.0,3.0,63.0,380.0,14.0,873.0,30.0,7.0,0.0,7.0,0.0,0.0,15.0,0.0,0.0,0.0,0.0,126.0,31.0,4.0,5.0,80.0,8.0,8.0,0.0,0.0,0.0,6.0,0.0,0.0,0.0,0.0,0.0,25.0,5.0,112.0,0.0,7.0,74.0,108.0,27.0,15.0,0.0,9.0,0.0,0.0,9.0,9.0,7.0,0.0,32.0,4.0,0.0,27.0,0.0,27.0,0.0,22.0,16.0,16.0,0.0,0.0,0.0,12.0,21.0,0.0
2017-12-24,7.0,0.0,0.0,0.0,0.0,806.0,957.0,1110.0,0.0,36.0,67.0,95.0,0.0,506.0,16.0,96.0,476.0,0.0,47.0,20.0,32.0,0.0,0.0,6.0,5.0,42.0,22.0,0.0,0.0,0.0,3.0,22.0,23.0,0.0,0.0,0.0,20.0,7.0,0.0,0.0,32.0,0.0,0.0,0.0,16.0,0.0,10.0,0.0,15.0,0.0,44.0,7.0,12.0,30.0,46.0,9.0,159.0,0.0,0.0,0.0,13.0,4.0,0.0,19.0,16.0,0.0,10.0,0.0,0.0,9.0,139.0,0.0,0.0,0.0,0.0,0.0,13.0,12.0,36.0
2017-12-31,0.0,6.0,0.0,0.0,0.0,450.0,0.0,800.0,0.0,14.0,5.0,0.0,4.0,54.0,0.0,10.0,162.0,0.0,111.0,152.0,8.0,0.0,0.0,0.0,26.0,28.0,4.0,0.0,0.0,6.0,4.0,172.0,0.0,7.0,9.0,0.0,13.0,0.0,0.0,0.0,51.0,0.0,8.0,0.0,0.0,0.0,0.0,5.0,0.0,0.0,0.0,5.0,6.0,0.0,25.0,6.0,28.0,0.0,0.0,4.0,5.0,0.0,0.0,0.0,0.0,0.0,0.0,0.0,0.0,0.0,16.0,15.0,0.0,0.0,12.0,0.0,13.0,19.0,0.0
2018-01-07,0.0,0.0,76.0,0.0,0.0,261.0,132.0,591.0,19.0,29.0,0.0,4.0,6.0,29.0,0.0,51.0,2600.0,0.0,624.0,501.0,0.0,0.0,0.0,21.0,18.0,4.0,29.0,0.0,0.0,0.0,4.0,13.0,5.0,0.0,13.0,0.0,19.0,18.0,0.0,6.0,0.0,0.0,0.0,0.0,0.0,0.0,20.0,13.0,0.0,57.0,7.0,0.0,9.0,11.0,0.0,4.0,0.0,0.0,6.0,7.0,12.0,0.0,0.0,7.0,0.0,0.0,0.0,0.0,0.0,0.0,8.0,0.0,0.0,0.0,45.0,0.0,31.0,13.0,0.0
2018-01-14,0.0,0.0,88.0,0.0,507.0,113.0,950.0,1506.0,255.0,38.0,7.0,28.0,0.0,180.0,13.0,46.0,1045.0,27.0,632.0,307.0,13.0,9.0,0.0,9.0,0.0,24.0,73.0,10.0,10.0,4.0,4.0,27.0,5.0,21.0,10.0,0.0,58.0,11.0,0.0,223.0,25.0,189.0,19.0,6.0,120.0,0.0,32.0,21.0,120.0,0.0,14.0,0.0,6.0,6.0,0.0,7.0,139.0,0.0,10.0,0.0,0.0,0.0,0.0,11.0,16.0,0.0,0.0,0.0,23.0,0.0,0.0,16.0,7.0,9.0,14.0,0.0,62.0,19.0,38.0
2018-01-21,0.0,0.0,22.0,0.0,14.0,6.0,567.0,535.0,157.0,224.0,7.0,56.0,0.0,512.0,0.0,74.0,1424.0,277.0,1052.0,1114.0,19.0,0.0,0.0,0.0,4.0,26.0,46.0,0.0,10.0,52.0,85.0,56.0,21.0,35.0,24.0,22.0,51.0,0.0,0.0,699.0,20.0,160.0,304.0,280.0,179.0,0.0,0.0,0.0,22.0,0.0,0.0,0.0,11.0,11.0,0.0,10.0,7.0,42.0,15.0,0.0,29.0,11.0,0.0,12.0,40.0,0.0,0.0,0.0,0.0,0.0,0.0,8.0,26.0,0.0,16.0,0.0,39.0,23.0,54.0
2018-01-28,0.0,0.0,58.0,0.0,7.0,365.0,267.0,243.0,18.0,78.0,7.0,33.0,6.0,51.0,0.0,49.0,1581.0,54.0,356.0,584.0,7.0,13.0,13.0,0.0,5.0,8.0,14.0,0.0,0.0,0.0,45.0,22.0,6.0,31.0,30.0,7.0,94.0,30.0,0.0,575.0,34.0,666.0,214.0,119.0,120.0,5.0,19.0,0.0,6.0,12.0,0.0,0.0,31.0,4.0,12.0,24.0,0.0,0.0,5.0,0.0,19.0,6.0,0.0,50.0,48.0,0.0,0.0,0.0,8.0,0.0,14.0,8.0,23.0,0.0,0.0,0.0,36.0,22.0,60.0
2018-02-04,0.0,13.0,39.0,10.0,18.0,111.0,300.0,430.0,10.0,51.0,18.0,40.0,0.0,19.0,6.0,43.0,760.0,167.0,546.0,166.0,14.0,0.0,0.0,0.0,5.0,132.0,19.0,0.0,0.0,16.0,0.0,17.0,0.0,10.0,36.0,0.0,95.0,8.0,0.0,455.0,0.0,210.0,5.0,304.0,8.0,25.0,4.0,27.0,95.0,0.0,156.0,0.0,0.0,7.0,5.0,26.0,21.0,0.0,8.0,0.0,14.0,11.0,0.0,12.0,25.0,0.0,0.0,0.0,27.0,0.0,128.0,24.0,0.0,0.0,29.0,0.0,34.0,6.0,6.0
2018-02-11,0.0,0.0,621.0,24.0,0.0,515.0,1007.0,0.0,184.0,30.0,0.0,55.0,0.0,6.0,0.0,52.0,1061.0,4.0,118.0,465.0,120.0,0.0,0.0,8.0,0.0,34.0,9.0,0.0,0.0,18.0,46.0,7.0,11.0,7.0,46.0,0.0,60.0,27.0,0.0,933.0,0.0,69.0,724.0,887.0,289.0,338.0,30.0,18.0,25.0,0.0,32.0,36.0,12.0,17.0,5.0,50.0,0.0,0.0,52.0,0.0,4.0,6.0,0.0,24.0,7.0,0.0,0.0,0.0,30.0,11.0,126.0,23.0,9.0,21.0,42.0,0.0,14.0,21.0,26.0
2018-02-18,0.0,0.0,738.0,73.0,0.0,800.0,2801.0,0.0,240.0,67.0,7.0,24.0,39.0,10.0,0.0,46.0,1479.0,321.0,427.0,389.0,0.0,49.0,2.0,28.0,8.0,18.0,36.0,0.0,0.0,29.0,56.0,36.0,0.0,0.0,45.0,0.0,61.0,49.0,0.0,0.0,0.0,11.0,0.0,359.0,171.0,0.0,23.0,22.0,15.0,0.0,14.0,13.0,169.0,25.0,11.0,88.0,18.0,7.0,23.0,6.0,0.0,4.0,0.0,47.0,43.0,0.0,300.0,0.0,0.0,0.0,24.0,0.0,15.0,0.0,3.0,0.0,4.0,43.0,0.0
2018-02-25,0.0,0.0,184.0,27.0,0.0,0.0,386.0,830.0,6.0,116.0,15.0,7.0,0.0,0.0,0.0,43.0,1040.0,0.0,743.0,405.0,0.0,27.0,5.0,0.0,0.0,122.0,12.0,0.0,0.0,17.0,11.0,0.0,25.0,12.0,44.0,9.0,57.0,44.0,0.0,159.0,0.0,298.0,336.0,9.0,0.0,0.0,0.0,0.0,60.0,0.0,0.0,0.0,29.0,16.0,0.0,42.0,10.0,23.0,60.0,0.0,22.0,12.0,0.0,20.0,55.0,0.0,234.0,0.0,127.0,0.0,0.0,15.0,5.0,0.0,0.0,0.0,12.0,24.0,0.0
2018-03-04,0.0,21.0,55.0,28.0,0.0,11.0,830.0,0.0,308.0,15.0,0.0,0.0,0.0,0.0,4.0,177.0,931.0,0.0,383.0,455.0,26.0,5.0,0.0,0.0,0.0,12.0,0.0,32.0,0.0,7.0,26.0,26.0,27.0,6.0,31.0,0.0,20.0,41.0,0.0,669.0,0.0,0.0,36.0,133.0,0.0,0.0,19.0,0.0,0.0,5.0,5.0,7.0,0.0,43.0,10.0,59.0,32.0,24.0,26.0,0.0,0.0,11.0,0.0,32.0,22.0,0.0,213.0,0.0,0.0,18.0,107.0,7.0,21.0,11.0,7.0,0.0,17.0,22.0,0.0
2018-03-11,0.0,6.0,155.0,187.0,6.0,1251.0,1100.0,1249.0,145.0,38.0,126.0,20.0,0.0,15.0,27.0,42.0,1078.0,450.0,584.0,657.0,5.0,0.0,0.0,0.0,0.0,40.0,33.0,0.0,0.0,10.0,33.0,17.0,0.0,27.0,64.0,0.0,82.0,73.0,0.0,528.0,0.0,569.0,370.0,172.0,0.0,78.0,19.0,12.0,37.0,0.0,0.0,7.0,0.0,0.0,19.0,34.0,17.0,0.0,31.0,4.0,0.0,5.0,0.0,46.0,29.0,0.0,10.0,0.0,31.0,0.0,9.0,0.0,0.0,8.0,0.0,0.0,27.0,39.0,0.0
2018-03-18,0.0,7.0,832.0,12.0,0.0,1100.0,1360.0,454.0,0.0,31.0,21.0,52.0,16.0,52.0,15.0,92.0,615.0,6.0,794.0,1166.0,0.0,8.0,8.0,0.0,9.0,161.0,0.0,0.0,0.0,40.0,6.0,14.0,0.0,0.0,47.0,7.0,31.0,59.0,0.0,3382.0,114.0,1609.0,44.0,1731.0,156.0,172.0,21.0,7.0,14.0,15.0,176.0,0.0,12.0,35.0,12.0,118.0,27.0,30.0,15.0,4.0,32.0,20.0,0.0,77.0,58.0,0.0,15.0,0.0,0.0,0.0,0.0,0.0,20.0,0.0,0.0,0.0,4.0,48.0,15.0
2018-03-25,0.0,29.0,283.0,14.0,100.0,917.0,800.0,938.0,120.0,6700.0,6.0,67.0,26.0,27.0,9.0,80.0,176.0,185.0,784.0,756.0,38.0,117.0,8.0,0.0,0.0,17.0,0.0,0.0,0.0,39.0,31.0,25.0,7.0,7.0,19.0,46.0,78.0,57.0,0.0,4714.0,0.0,13465.0,9.0,23.0,0.0,0.0,13.0,0.0,34.0,23.0,5.0,0.0,100.0,60.0,11.0,62.0,236.0,0.0,21.0,28.0,69.0,0.0,0.0,62.0,34.0,0.0,5.0,0.0,0.0,0.0,0.0,0.0,0.0,0.0,0.0,0.0,32.0,51.0,19.0
2018-04-01,0.0,21.0,47.0,13.0,15.0,6.0,647.0,1481.0,807.0,35.0,4.0,29.0,14.0,18.0,12.0,311.0,958.0,10.0,271.0,330.0,0.0,15.0,5.0,0.0,9.0,0.0,0.0,0.0,0.0,8.0,6.0,8.0,0.0,28.0,0.0,36.0,40.0,33.0,0.0,0.0,0.0,0.0,0.0,17.0,22.0,47.0,7.0,5.0,5.0,0.0,0.0,0.0,0.0,34.0,6.0,158.0,5.0,0.0,0.0,0.0,6.0,0.0,0.0,31.0,69.0,0.0,0.0,0.0,0.0,0.0,121.0,9.0,5.0,0.0,0.0,0.0,21.0,49.0,0.0
2018-04-08,0.0,40.0,8.0,0.0,476.0,452.0,81.0,1270.0,513.0,31.0,0.0,13.0,16.0,4.0,8.0,482.0,1421.0,6.0,848.0,914.0,5.0,5.0,11.0,0.0,0.0,13.0,0.0,0.0,0.0,16.0,50.0,5.0,5.0,11.0,0.0,38.0,72.0,21.0,0.0,333.0,0.0,0.0,120.0,49.0,0.0,27.0,19.0,37.0,21.0,0.0,0.0,36.0,16.0,17.0,64.0,36.0,550.0,0.0,0.0,0.0,4.0,6.0,0.0,20.0,272.0,0.0,0.0,0.0,6.0,6.0,37.0,62.0,0.0,0.0,0.0,0.0,3.0,51.0,25.0
2018-04-15,0.0,9.0,24.0,12.0,261.0,0.0,13.0,20.0,591.0,42.0,0.0,66.0,153.0,607.0,0.0,497.0,219.0,415.0,557.0,184.0,0.0,0.0,0.0,0.0,5.0,16.0,0.0,0.0,0.0,0.0,83.0,3.0,0.0,15.0,41.0,8.0,56.0,24.0,0.0,0.0,0.0,510.0,31.0,167.0,0.0,210.0,30.0,0.0,158.0,0.0,0.0,0.0,5.0,67.0,18.0,59.0,0.0,0.0,16.0,0.0,4.0,0.0,0.0,0.0,43.0,0.0,15.0,0.0,0.0,0.0,38.0,33.0,0.0,0.0,0.0,0.0,12.0,40.0,0.0
2018-04-22,0.0,7.0,26.0,0.0,0.0,0.0,4.0,0.0,16.0,24.0,0.0,27.0,0.0,160.0,0.0,27.0,565.0,158.0,89.0,4.0,5.0,17.0,0.0,7.0,0.0,12.0,0.0,0.0,0.0,0.0,6.0,10.0,4.0,7.0,0.0,0.0,70.0,20.0,0.0,21.0,138.0,0.0,0.0,120.0,0.0,0.0,0.0,22.0,0.0,0.0,0.0,0.0,0.0,53.0,0.0,34.0,0.0,0.0,0.0,0.0,17.0,0.0,0.0,5.0,8.0,0.0,471.0,0.0,73.0,10.0,16.0,35.0,31.0,6.0,0.0,0.0,32.0,41.0,31.0
2018-04-29,0.0,0.0,15.0,0.0,0.0,5.0,0.0,19.0,0.0,195.0,192.0,375.0,0.0,9.0,0.0,125.0,141.0,9.0,121.0,51.0,0.0,5.0,0.0,0.0,5.0,0.0,0.0,0.0,0.0,0.0,0.0,27.0,5.0,4.0,0.0,16.0,19.0,26.0,0.0,0.0,5.0,144.0,0.0,6.0,0.0,0.0,0.0,7.0,7.0,0.0,10.0,0.0,0.0,20.0,0.0,106.0,695.0,5.0,6.0,0.0,8.0,4.0,0.0,19.0,10.0,0.0,5.0,0.0,6.0,10.0,41.0,14.0,9.0,0.0,0.0,0.0,24.0,45.0,58.0
2018-05-06,0.0,7.0,15.0,0.0,13.0,121.0,120.0,774.0,5.0,31.0,0.0,1247.0,0.0,0.0,4.0,264.0,220.0,5.0,64.0,56.0,0.0,14.0,0.0,0.0,0.0,0.0,0.0,0.0,0.0,0.0,0.0,14.0,0.0,0.0,0.0,0.0,38.0,0.0,0.0,0.0,0.0,0.0,24.0,0.0,0.0,0.0,6.0,12.0,0.0,0.0,0.0,0.0,0.0,10.0,0.0,0.0,0.0,0.0,0.0,0.0,6.0,0.0,0.0,0.0,17.0,0.0,403.0,0.0,27.0,0.0,23.0,16.0,0.0,0.0,7.0,0.0,33.0,32.0,14.0
2018-05-13,0.0,0.0,0.0,0.0,0.0,0.0,5.0,400.0,15.0,116.0,7.0,33.0,0.0,0.0,0.0,131.0,292.0,6.0,37.0,21.0,0.0,0.0,0.0,0.0,0.0,9.0,9.0,0.0,0.0,0.0,22.0,12.0,12.0,37.0,0.0,0.0,78.0,0.0,0.0,0.0,0.0,0.0,203.0,102.0,0.0,0.0,0.0,0.0,0.0,0.0,0.0,0.0,18.0,320.0,8.0,7.0,12.0,0.0,0.0,0.0,0.0,7.0,0.0,0.0,0.0,0.0,8.0,0.0,25.0,0.0,0.0,6.0,0.0,0.0,21.0,0.0,23.0,40.0,0.0
2018-05-20,0.0,17.0,0.0,0.0,0.0,400.0,0.0,315.0,5.0,54.0,5.0,15.0,7.0,4.0,248.0,0.0,439.0,8.0,194.0,48.0,0.0,10.0,0.0,0.0,0.0,0.0,100.0,0.0,0.0,0.0,0.0,2.0,0.0,0.0,0.0,0.0,21.0,11.0,0.0,0.0,0.0,0.0,0.0,0.0,0.0,18.0,6.0,7.0,0.0,0.0,0.0,0.0,8.0,1055.0,9.0,0.0,214.0,0.0,0.0,0.0,6.0,9.0,84.0,0.0,11.0,0.0,79.0,0.0,15.0,0.0,16.0,44.0,3.0,9.0,0.0,0.0,4.0,34.0,0.0
2018-05-27,0.0,15.0,0.0,0.0,0.0,500.0,10.0,1000.0,24.0,49.0,104.0,32.0,6.0,14.0,0.0,39.0,798.0,15.0,20.0,158.0,0.0,0.0,5.0,0.0,6.0,41.0,29.0,6.0,0.0,0.0,7.0,22.0,6.0,12.0,0.0,0.0,22.0,11.0,0.0,0.0,0.0,0.0,0.0,0.0,0.0,3.0,0.0,7.0,7.0,0.0,4.0,0.0,103.0,930.0,10.0,6.0,10.0,5.0,0.0,350.0,3.0,31.0,0.0,11.0,23.0,0.0,727.0,0.0,0.0,0.0,15.0,9.0,26.0,0.0,0.0,9.0,23.0,47.0,13.0
2018-06-03,0.0,0.0,0.0,0.0,100.0,0.0,0.0,555.0,0.0,24.0,0.0,77.0,2.0,0.0,58.0,16.0,344.0,153.0,22.0,29.0,0.0,11.0,5.0,0.0,0.0,0.0,0.0,0.0,0.0,0.0,0.0,0.0,7.0,7.0,0.0,0.0,30.0,0.0,0.0,0.0,0.0,0.0,0.0,0.0,0.0,0.0,5.0,0.0,7.0,0.0,0.0,0.0,0.0,21.0,7.0,0.0,38.0,0.0,235.0,0.0,0.0,143.0,0.0,11.0,66.0,0.0,86.0,13.0,0.0,14.0,8.0,0.0,34.0,0.0,0.0,0.0,18.0,33.0,13.0
2018-06-10,0.0,0.0,0.0,0.0,100.0,0.0,0.0,309.0,512.0,104.0,38.0,149.0,12.0,20.0,10.0,24.0,512.0,28.0,25.0,56.0,0.0,18.0,0.0,0.0,0.0,6.0,0.0,0.0,0.0,0.0,15.0,70.0,0.0,5.0,16.0,0.0,28.0,0.0,0.0,15.0,0.0,0.0,0.0,18.0,0.0,0.0,5.0,8.0,0.0,0.0,7.0,0.0,360.0,46.0,34.0,11.0,150.0,8.0,14.0,4.0,60.0,6.0,0.0,35.0,35.0,0.0,25.0,33.0,0.0,0.0,11.0,0.0,0.0,19.0,0.0,0.0,31.0,36.0,21.0
2018-06-17,0.0,0.0,0.0,0.0,164.0,10.0,100.0,620.0,416.0,119.0,14.0,98.0,0.0,5.0,0.0,47.0,1032.0,25.0,221.0,148.0,0.0,63.0,0.0,0.0,14.0,0.0,0.0,0.0,100.0,7.0,43.0,9.0,0.0,11.0,0.0,0.0,28.0,0.0,0.0,0.0,0.0,0.0,0.0,103.0,0.0,0.0,0.0,0.0,9.0,0.0,119.0,0.0,102.0,212.0,34.0,0.0,0.0,6.0,6.0,15.0,13.0,0.0,17.0,8.0,34.0,2.0,77.0,0.0,12.0,13.0,0.0,0.0,25.0,3.0,5.0,0.0,8.0,25.0,0.0
2018-06-24,85.0,0.0,92.0,0.0,189.0,0.0,550.0,9.0,0.0,102.0,144.0,33.0,54.0,0.0,72.0,22.0,519.0,120.0,120.0,130.0,0.0,50.0,0.0,0.0,9.0,6.0,11.0,0.0,0.0,0.0,0.0,26.0,0.0,6.0,0.0,0.0,0.0,6.0,0.0,0.0,0.0,0.0,2.0,58.0,0.0,28.0,0.0,6.0,0.0,0.0,0.0,0.0,195.0,311.0,4.0,0.0,57.0,0.0,461.0,77.0,9.0,0.0,153.0,23.0,28.0,4.0,55.0,0.0,8.0,9.0,0.0,0.0,13.0,0.0,0.0,0.0,24.0,45.0,26.0
2018-07-01,72.0,0.0,205.0,0.0,307.0,600.0,700.0,0.0,354.0,1832.0,94.0,19.0,61.0,0.0,24.0,39.0,508.0,21.0,6.0,0.0,0.0,0.0,0.0,0.0,0.0,9.0,0.0,0.0,0.0,0.0,0.0,59.0,0.0,0.0,0.0,0.0,7.0,7.0,0.0,31.0,0.0,204.0,0.0,52.0,0.0,0.0,0.0,8.0,0.0,0.0,146.0,0.0,0.0,154.0,0.0,21.0,32.0,16.0,0.0,0.0,0.0,0.0,39.0,0.0,18.0,0.0,0.0,0.0,0.0,0.0,0.0,0.0,0.0,0.0,0.0,0.0,5.0,24.0,0.0
2018-07-08,0.0,0.0,21.0,0.0,105.0,400.0,300.0,856.0,5.0,89.0,17.0,42.0,8.0,7.0,5.0,62.0,33.0,135.0,165.0,99.0,0.0,8.0,0.0,6.0,7.0,0.0,43.0,0.0,0.0,30.0,46.0,9.0,8.0,13.0,0.0,0.0,10.0,3.0,0.0,167.0,0.0,0.0,0.0,272.0,0.0,0.0,0.0,7.0,6.0,0.0,157.0,0.0,0.0,196.0,16.0,0.0,430.0,0.0,6.0,0.0,0.0,4.0,0.0,0.0,22.0,7.0,58.0,48.0,20.0,0.0,0.0,0.0,0.0,5.0,0.0,0.0,0.0,26.0,0.0
2018-07-15,167.0,5.0,0.0,0.0,314.0,550.0,500.0,1112.0,430.0,55.0,91.0,40.0,10.0,6.0,228.0,56.0,84.0,32.0,243.0,16.0,0.0,6.0,0.0,0.0,0.0,9.0,0.0,0.0,0.0,7.0,10.0,13.0,16.0,0.0,0.0,0.0,7.0,13.0,0.0,0.0,14.0,6.0,23.0,125.0,0.0,0.0,5.0,0.0,15.0,0.0,5.0,0.0,0.0,276.0,66.0,0.0,269.0,0.0,134.0,0.0,0.0,0.0,270.0,10.0,9.0,22.0,366.0,0.0,37.0,0.0,50.0,8.0,52.0,5.0,0.0,7.0,6.0,32.0,10.0
2018-07-22,0.0,6.0,1812.0,380.0,109.0,0.0,0.0,300.0,8.0,27.0,74.0,46.0,68.0,11.0,5.0,63.0,209.0,135.0,34.0,112.0,0.0,7.0,0.0,0.0,0.0,0.0,0.0,0.0,0.0,23.0,0.0,21.0,11.0,5.0,0.0,0.0,14.0,0.0,0.0,196.0,0.0,0.0,0.0,310.0,0.0,214.0,0.0,0.0,0.0,0.0,0.0,0.0,24.0,389.0,16.0,0.0,0.0,0.0,49.0,86.0,27.0,26.0,0.0,0.0,22.0,0.0,0.0,0.0,86.0,15.0,0.0,0.0,41.0,26.0,7.0,0.0,10.0,5.0,56.0
2018-07-29,0.0,7.0,52.0,18.0,159.0,6.0,0.0,5.0,138.0,22.0,97.0,79.0,128.0,92.0,7.0,47.0,95.0,0.0,466.0,88.0,5.0,4.0,0.0,0.0,0.0,0.0,5.0,0.0,0.0,8.0,0.0,75.0,0.0,0.0,6.0,0.0,8.0,12.0,0.0,9.0,0.0,0.0,4.0,25.0,0.0,0.0,4.0,97.0,5.0,0.0,0.0,0.0,0.0,45.0,7.0,5.0,139.0,0.0,34.0,0.0,36.0,0.0,0.0,52.0,20.0,0.0,15.0,0.0,36.0,0.0,3.0,0.0,17.0,9.0,13.0,0.0,7.0,21.0,38.0
2018-08-05,0.0,0.0,0.0,105.0,100.0,0.0,0.0,26.0,123.0,26.0,29.0,53.0,4.0,13.0,47.0,27.0,353.0,54.0,19.0,74.0,30.0,14.0,0.0,0.0,17.0,9.0,5.0,0.0,0.0,0.0,17.0,61.0,0.0,7.0,0.0,0.0,33.0,0.0,0.0,0.0,0.0,0.0,224.0,107.0,0.0,0.0,0.0,6.0,5.0,5.0,0.0,10.0,23.0,49.0,10.0,4.0,0.0,11.0,0.0,0.0,41.0,3.0,0.0,7.0,18.0,3.0,9.0,149.0,27.0,0.0,16.0,18.0,46.0,0.0,17.0,0.0,0.0,4.0,87.0
2018-08-12,0.0,0.0,0.0,8.0,5.0,0.0,310.0,41.0,8.0,50.0,10.0,63.0,0.0,8.0,49.0,54.0,92.0,0.0,82.0,44.0,0.0,26.0,16.0,0.0,5.0,32.0,0.0,0.0,0.0,33.0,67.0,11.0,48.0,0.0,0.0,0.0,27.0,7.0,0.0,0.0,5.0,0.0,3.0,153.0,0.0,14.0,0.0,16.0,24.0,7.0,0.0,5.0,14.0,677.0,22.0,25.0,11.0,9.0,8.0,0.0,51.0,0.0,0.0,31.0,51.0,6.0,4.0,140.0,45.0,0.0,34.0,0.0,53.0,11.0,32.0,0.0,20.0,16.0,39.0
2018-08-19,0.0,0.0,0.0,0.0,6.0,11.0,75.0,4.0,10.0,37.0,21.0,95.0,14.0,6.0,4.0,44.0,240.0,11.0,135.0,58.0,7.0,5.0,0.0,0.0,0.0,9.0,0.0,0.0,0.0,19.0,20.0,11.0,0.0,0.0,3.0,0.0,30.0,7.0,0.0,0.0,0.0,0.0,0.0,0.0,0.0,3.0,5.0,82.0,22.0,4.0,7.0,0.0,12.0,32.0,40.0,108.0,4.0,63.0,17.0,0.0,43.0,0.0,56.0,13.0,64.0,0.0,6.0,0.0,13.0,7.0,24.0,9.0,34.0,4.0,0.0,0.0,32.0,16.0,60.0
2018-08-26,0.0,0.0,0.0,0.0,0.0,0.0,31.0,0.0,0.0,9.0,104.0,80.0,5.0,0.0,0.0,7.0,180.0,0.0,96.0,41.0,21.0,35.0,0.0,0.0,0.0,25.0,0.0,0.0,0.0,14.0,9.0,12.0,39.0,0.0,17.0,0.0,22.0,8.0,0.0,0.0,0.0,0.0,20.0,12.0,0.0,0.0,0.0,8.0,10.0,0.0,0.0,0.0,4.0,31.0,17.0,67.0,0.0,36.0,7.0,0.0,36.0,0.0,0.0,12.0,33.0,0.0,0.0,0.0,30.0,7.0,8.0,7.0,28.0,0.0,0.0,0.0,47.0,5.0,38.0
2018-09-02,42.0,29.0,148.0,0.0,13.0,0.0,16.0,7.0,109.0,17.0,8.0,37.0,8.0,6.0,9.0,28.0,145.0,17.0,81.0,13.0,28.0,14.0,0.0,0.0,10.0,7.0,0.0,0.0,0.0,9.0,5.0,21.0,0.0,5.0,14.0,0.0,22.0,15.0,0.0,0.0,0.0,0.0,0.0,7.0,0.0,0.0,0.0,74.0,34.0,12.0,9.0,0.0,25.0,46.0,14.0,27.0,5.0,42.0,33.0,3.0,12.0,3.0,20.0,7.0,44.0,0.0,5.0,0.0,21.0,0.0,44.0,20.0,9.0,0.0,6.0,0.0,17.0,10.0,49.0
2018-09-09,0.0,8.0,18.0,0.0,583.0,0.0,500.0,361.0,369.0,41.0,15.0,38.0,7.0,2.0,7.0,58.0,279.0,199.0,204.0,278.0,0.0,15.0,0.0,0.0,0.0,9.0,11.0,0.0,0.0,16.0,117.0,28.0,21.0,0.0,14.0,0.0,64.0,5.0,0.0,0.0,0.0,0.0,0.0,0.0,0.0,0.0,10.0,22.0,0.0,0.0,6.0,0.0,0.0,10.0,32.0,0.0,0.0,0.0,0.0,0.0,15.0,4.0,0.0,36.0,32.0,23.0,0.0,0.0,4.0,4.0,30.0,7.0,30.0,0.0,7.0,0.0,9.0,5.0,16.0
2018-09-16,0.0,0.0,70.0,5.0,11.0,0.0,339.0,0.0,11.0,17.0,18.0,104.0,0.0,11.0,0.0,94.0,501.0,15.0,133.0,20.0,0.0,0.0,0.0,0.0,0.0,6.0,8.0,0.0,0.0,13.0,31.0,12.0,63.0,0.0,36.0,5.0,15.0,0.0,0.0,0.0,0.0,6.0,0.0,7.0,0.0,11.0,4.0,6.0,0.0,0.0,9.0,0.0,5.0,262.0,5.0,0.0,0.0,0.0,13.0,0.0,35.0,10.0,10.0,44.0,57.0,6.0,0.0,172.0,20.0,7.0,12.0,0.0,60.0,0.0,0.0,0.0,10.0,11.0,48.0
2018-09-23,0.0,0.0,74.0,0.0,0.0,0.0,0.0,100.0,0.0,20.0,6.0,68.0,31.0,9.0,6.0,48.0,303.0,30.0,102.0,181.0,4.0,11.0,0.0,0.0,0.0,15.0,9.0,0.0,305.0,18.0,15.0,11.0,8.0,0.0,11.0,0.0,60.0,14.0,0.0,0.0,34.0,0.0,0.0,0.0,0.0,8.0,0.0,0.0,0.0,0.0,29.0,0.0,4.0,24.0,11.0,0.0,122.0,0.0,134.0,4.0,20.0,5.0,182.0,78.0,35.0,0.0,8.0,9.0,16.0,0.0,0.0,0.0,67.0,6.0,0.0,0.0,23.0,10.0,33.0
2018-09-30,157.0,0.0,26.0,57.0,226.0,5.0,100.0,3.0,13.0,20.0,85.0,12.0,119.0,0.0,102.0,45.0,314.0,6.0,33.0,28.0,0.0,5.0,0.0,0.0,0.0,0.0,0.0,0.0,0.0,9.0,43.0,8.0,14.0,0.0,45.0,0.0,49.0,6.0,0.0,0.0,0.0,609.0,0.0,0.0,0.0,0.0,16.0,3.0,15.0,0.0,0.0,0.0,2.0,119.0,5.0,92.0,123.0,0.0,0.0,4.0,0.0,0.0,0.0,38.0,81.0,4.0,0.0,0.0,20.0,6.0,0.0,0.0,100.0,11.0,12.0,5.0,10.0,9.0,10.0
2018-10-07,193.0,158.0,0.0,0.0,16.0,0.0,800.0,17.0,234.0,13.0,0.0,48.0,0.0,5.0,0.0,177.0,366.0,133.0,31.0,43.0,0.0,14.0,0.0,0.0,0.0,9.0,0.0,0.0,0.0,0.0,4.0,47.0,16.0,0.0,31.0,0.0,91.0,17.0,0.0,0.0,0.0,174.0,168.0,139.0,7.0,0.0,0.0,17.0,0.0,0.0,0.0,0.0,5.0,5.0,0.0,12.0,184.0,14.0,7.0,44.0,21.0,0.0,0.0,50.0,79.0,0.0,0.0,9.0,22.0,11.0,36.0,23.0,151.0,7.0,27.0,0.0,0.0,14.0,13.0
2018-10-14,0.0,11.0,5.0,5.0,0.0,0.0,0.0,0.0,2.0,9.0,27.0,49.0,10.0,12.0,91.0,77.0,84.0,12.0,61.0,31.0,0.0,5.0,0.0,0.0,6.0,19.0,0.0,0.0,0.0,0.0,4.0,7.0,31.0,0.0,24.0,19.0,126.0,4.0,0.0,38.0,0.0,14.0,0.0,0.0,0.0,0.0,0.0,5.0,45.0,0.0,6.0,0.0,150.0,18.0,6.0,76.0,498.0,0.0,0.0,0.0,0.0,0.0,43.0,51.0,46.0,9.0,0.0,56.0,17.0,9.0,24.0,14.0,122.0,22.0,36.0,0.0,0.0,0.0,10.0
2018-10-21,38.0,65.0,14.0,0.0,258.0,314.0,300.0,515.0,0.0,160.0,10.0,115.0,23.0,5.0,69.0,304.0,223.0,22.0,80.0,106.0,550.0,0.0,0.0,0.0,735.0,14.0,0.0,0.0,0.0,0.0,19.0,4.0,6.0,5.0,19.0,13.0,71.0,12.0,0.0,0.0,0.0,0.0,265.0,0.0,0.0,0.0,18.0,6.0,10.0,0.0,0.0,0.0,0.0,477.0,83.0,0.0,927.0,0.0,14.0,0.0,13.0,141.0,74.0,10.0,43.0,4.0,0.0,0.0,12.0,0.0,39.0,0.0,92.0,29.0,42.0,0.0,17.0,17.0,38.0
2018-10-28,0.0,93.0,73.0,102.0,13.0,0.0,500.0,300.0,7.0,7.0,22.0,25.0,289.0,0.0,20.0,48.0,189.0,0.0,13.0,20.0,0.0,7.0,0.0,7.0,0.0,3.0,6.0,0.0,0.0,0.0,50.0,11.0,9.0,15.0,14.0,0.0,47.0,35.0,0.0,13.0,0.0,0.0,409.0,18.0,0.0,0.0,4.0,8.0,30.0,0.0,31.0,0.0,24.0,406.0,98.0,0.0,385.0,0.0,0.0,8.0,0.0,0.0,174.0,23.0,32.0,0.0,0.0,0.0,0.0,6.0,79.0,0.0,43.0,0.0,19.0,136.0,0.0,0.0,5.0
2018-11-04,161.0,0.0,130.0,0.0,108.0,126.0,520.0,430.0,0.0,89.0,112.0,11.0,12.0,0.0,9.0,242.0,558.0,49.0,24.0,14.0,0.0,0.0,0.0,8.0,5.0,148.0,0.0,0.0,0.0,0.0,4.0,25.0,21.0,5.0,61.0,13.0,93.0,101.0,0.0,12.0,11.0,0.0,156.0,17.0,0.0,12.0,0.0,5.0,0.0,0.0,29.0,0.0,0.0,562.0,17.0,0.0,0.0,0.0,0.0,0.0,0.0,7.0,21.0,7.0,12.0,0.0,0.0,0.0,0.0,10.0,6.0,0.0,46.0,7.0,26.0,0.0,0.0,9.0,25.0
2018-11-11,122.0,53.0,91.0,0.0,365.0,137.0,36.0,100.0,12.0,5.0,0.0,416.0,23.0,6.0,22.0,60.0,300.0,0.0,46.0,198.0,6.0,0.0,0.0,8.0,0.0,9.0,0.0,300.0,160.0,6.0,0.0,90.0,37.0,0.0,90.0,0.0,164.0,12.0,0.0,0.0,44.0,0.0,149.0,184.0,0.0,46.0,10.0,14.0,0.0,0.0,0.0,0.0,0.0,24.0,5.0,0.0,0.0,0.0,5.0,0.0,6.0,8.0,53.0,38.0,38.0,6.0,0.0,44.0,0.0,0.0,99.0,0.0,23.0,0.0,16.0,0.0,0.0,0.0,40.0
2018-11-18,125.0,0.0,0.0,0.0,550.0,0.0,80.0,320.0,0.0,74.0,22.0,66.0,0.0,0.0,83.0,136.0,87.0,15.0,67.0,48.0,0.0,9.0,0.0,0.0,14.0,9.0,8.0,0.0,200.0,7.0,35.0,15.0,0.0,0.0,24.0,0.0,35.0,7.0,0.0,3.0,0.0,13.0,18.0,0.0,0.0,19.0,7.0,350.0,6.0,0.0,0.0,6.0,3.0,53.0,44.0,0.0,0.0,0.0,15.0,7.0,0.0,0.0,61.0,10.0,4.0,0.0,11.0,7.0,7.0,0.0,66.0,8.0,18.0,0.0,18.0,0.0,0.0,0.0,14.0
2018-11-25,323.0,0.0,0.0,78.0,0.0,0.0,0.0,8.0,0.0,74.0,38.0,33.0,21.0,0.0,85.0,47.0,318.0,9.0,48.0,33.0,0.0,8.0,0.0,0.0,0.0,11.0,0.0,0.0,0.0,17.0,25.0,1231.0,0.0,0.0,23.0,5.0,33.0,15.0,0.0,0.0,3.0,0.0,529.0,0.0,0.0,0.0,9.0,8.0,7.0,0.0,6.0,0.0,0.0,41.0,4.0,0.0,21.0,0.0,9.0,0.0,20.0,0.0,0.0,43.0,5.0,0.0,13.0,0.0,0.0,9.0,9.0,0.0,63.0,0.0,660.0,0.0,20.0,0.0,30.0
2018-12-02,35.0,51.0,0.0,0.0,0.0,2139.0,77.0,0.0,0.0,5.0,6.0,20.0,0.0,0.0,367.0,12.0,419.0,116.0,45.0,89.0,0.0,5.0,0.0,0.0,0.0,13.0,0.0,0.0,0.0,16.0,0.0,24.0,11.0,0.0,6.0,0.0,15.0,5.0,0.0,6.0,0.0,0.0,421.0,70.0,0.0,7.0,0.0,0.0,0.0,0.0,0.0,0.0,0.0,19.0,25.0,0.0,9.0,0.0,5.0,0.0,15.0,0.0,0.0,19.0,6.0,0.0,0.0,0.0,0.0,7.0,29.0,0.0,41.0,0.0,16.0,6.0,12.0,6.0,41.0
2018-12-09,100.0,34.0,26.0,6.0,0.0,15.0,0.0,40.0,0.0,50.0,0.0,66.0,0.0,7.0,18.0,34.0,155.0,139.0,29.0,37.0,285.0,0.0,0.0,0.0,158.0,0.0,0.0,0.0,0.0,8.0,8.0,23.0,16.0,5.0,21.0,11.0,50.0,0.0,0.0,27.0,0.0,0.0,70.0,15.0,0.0,0.0,5.0,13.0,12.0,0.0,0.0,4.0,0.0,102.0,10.0,0.0,6.0,0.0,5.0,0.0,0.0,7.0,12.0,0.0,22.0,60.0,0.0,0.0,0.0,31.0,100.0,18.0,32.0,0.0,15.0,0.0,22.0,6.0,5.0
2018-12-16,129.0,55.0,25.0,13.0,17.0,0.0,0.0,34.0,0.0,87.0,31.0,32.0,0.0,259.0,286.0,19.0,203.0,0.0,47.0,12.0,7.0,0.0,0.0,0.0,112.0,4.0,0.0,0.0,0.0,8.0,0.0,227.0,150.0,5.0,14.0,0.0,105.0,12.0,0.0,10.0,0.0,0.0,35.0,53.0,0.0,21.0,0.0,8.0,13.0,0.0,161.0,0.0,17.0,27.0,11.0,20.0,8.0,0.0,27.0,0.0,16.0,0.0,93.0,0.0,0.0,134.0,63.0,0.0,0.0,54.0,110.0,47.0,31.0,6.0,18.0,6.0,6.0,0.0,51.0
2018-12-23,133.0,28.0,5.0,13.0,0.0,0.0,0.0,0.0,5.0,136.0,38.0,62.0,16.0,30.0,162.0,51.0,106.0,34.0,96.0,22.0,0.0,18.0,0.0,0.0,5.0,18.0,25.0,0.0,0.0,18.0,0.0,60.0,4.0,8.0,23.0,0.0,28.0,16.0,0.0,0.0,39.0,0.0,34.0,71.0,41.0,0.0,6.0,115.0,8.0,0.0,0.0,0.0,168.0,10.0,28.0,0.0,4.0,0.0,34.0,0.0,40.0,17.0,129.0,0.0,0.0,263.0,45.0,0.0,7.0,40.0,197.0,56.0,16.0,0.0,6.0,0.0,6.0,5.0,25.0
2018-12-30,46.0,0.0,0.0,32.0,0.0,0.0,5.0,0.0,0.0,33.0,0.0,32.0,0.0,12.0,103.0,3.0,81.0,0.0,12.0,130.0,0.0,24.0,0.0,0.0,5.0,18.0,0.0,0.0,0.0,9.0,40.0,138.0,0.0,5.0,0.0,0.0,27.0,11.0,0.0,12.0,0.0,0.0,32.0,7.0,0.0,0.0,0.0,0.0,0.0,0.0,5.0,0.0,5.0,12.0,33.0,0.0,30.0,0.0,0.0,0.0,0.0,0.0,0.0,7.0,0.0,156.0,0.0,0.0,0.0,36.0,37.0,33.0,10.0,6.0,0.0,6.0,0.0,0.0,21.0
2019-01-06,0.0,0.0,0.0,0.0,0.0,0.0,0.0,0.0,20.0,0.0,0.0,0.0,0.0,0.0,0.0,0.0,12.0,0.0,10.0,0.0,0.0,0.0,0.0,0.0,0.0,7.0,0.0,0.0,0.0,0.0,0.0,0.0,0.0,0.0,0.0,0.0,7.0,0.0,0.0,0.0,0.0,0.0,0.0,0.0,0.0,0.0,0.0,5.0,0.0,0.0,0.0,0.0,0.0,0.0,0.0,0.0,0.0,0.0,0.0,0.0,0.0,0.0,0.0,0.0,6.0,0.0,0.0,0.0,0.0,0.0,9.0,10.0,0.0,0.0,0.0,0.0,0.0,0.0,0.0
2019-01-13,0.0,18.0,0.0,0.0,14.0,0.0,0.0,12.0,0.0,20.0,13.0,21.0,0.0,6.0,7.0,40.0,175.0,8.0,44.0,195.0,0.0,13.0,0.0,0.0,0.0,3.0,0.0,0.0,0.0,9.0,0.0,34.0,9.0,0.0,0.0,0.0,63.0,16.0,0.0,49.0,0.0,132.0,28.0,20.0,0.0,0.0,0.0,13.0,0.0,0.0,0.0,0.0,4.0,30.0,18.0,14.0,0.0,0.0,0.0,0.0,22.0,0.0,0.0,24.0,11.0,0.0,0.0,0.0,0.0,0.0,46.0,24.0,0.0,0.0,16.0,0.0,18.0,11.0,10.0
2019-01-20,30.0,69.0,55.0,28.0,0.0,42.0,27.0,52.0,6.0,19.0,0.0,84.0,3.0,0.0,0.0,17.0,86.0,5.0,38.0,21.0,0.0,4.0,0.0,0.0,0.0,15.0,17.0,0.0,0.0,22.0,5.0,26.0,0.0,40.0,64.0,6.0,128.0,0.0,0.0,0.0,18.0,0.0,17.0,0.0,13.0,0.0,0.0,0.0,9.0,0.0,0.0,0.0,14.0,20.0,39.0,9.0,0.0,0.0,14.0,0.0,25.0,10.0,7.0,15.0,16.0,6.0,0.0,0.0,0.0,0.0,11.0,9.0,0.0,5.0,0.0,6.0,9.0,0.0,74.0
2019-01-27,0.0,0.0,0.0,14.0,0.0,24.0,33.0,6.0,4.0,22.0,0.0,47.0,0.0,3.0,4.0,67.0,87.0,0.0,156.0,65.0,13.0,12.0,0.0,0.0,7.0,24.0,4.0,0.0,0.0,36.0,0.0,89.0,9.0,30.0,5.0,0.0,26.0,18.0,0.0,17.0,0.0,0.0,160.0,0.0,0.0,0.0,5.0,23.0,0.0,0.0,0.0,0.0,21.0,41.0,39.0,0.0,18.0,0.0,0.0,0.0,12.0,8.0,0.0,78.0,108.0,44.0,0.0,0.0,0.0,0.0,0.0,5.0,0.0,0.0,10.0,0.0,6.0,0.0,25.0
2019-02-03,0.0,46.0,29.0,0.0,19.0,0.0,0.0,24.0,0.0,10.0,5.0,20.0,32.0,22.0,4.0,30.0,57.0,0.0,138.0,13.0,6.0,22.0,8.0,5.0,5.0,20.0,0.0,0.0,8.0,39.0,32.0,7.0,682.0,0.0,6.0,0.0,30.0,8.0,6.0,0.0,20.0,300.0,138.0,28.0,0.0,43.0,0.0,5.0,12.0,0.0,15.0,31.0,0.0,28.0,60.0,5.0,15.0,0.0,6.0,11.0,24.0,0.0,6.0,35.0,45.0,62.0,4.0,6.0,26.0,6.0,28.0,0.0,5.0,0.0,28.0,0.0,7.0,0.0,10.0
2019-02-10,21.0,26.0,0.0,0.0,0.0,16.0,35.0,6.0,0.0,27.0,34.0,62.0,4.0,14.0,163.0,41.0,97.0,17.0,484.0,16.0,0.0,0.0,0.0,0.0,0.0,26.0,0.0,0.0,0.0,11.0,0.0,39.0,525.0,3.0,4.0,0.0,23.0,10.0,0.0,237.0,0.0,862.0,0.0,789.0,0.0,43.0,0.0,11.0,6.0,0.0,0.0,0.0,0.0,4.0,14.0,6.0,0.0,0.0,5.0,0.0,26.0,16.0,0.0,0.0,4.0,290.0,12.0,0.0,5.0,5.0,0.0,6.0,0.0,0.0,5.0,6.0,4.0,0.0,29.0
2019-02-17,27.0,4.0,13.0,0.0,753.0,6.0,24.0,75.0,1360.0,159.0,0.0,20.0,7.0,144.0,0.0,75.0,267.0,25.0,144.0,180.0,0.0,29.0,0.0,0.0,0.0,47.0,0.0,0.0,16.0,25.0,12.0,11.0,211.0,0.0,11.0,4.0,132.0,7.0,0.0,513.0,0.0,25.0,303.0,373.0,0.0,72.0,8.0,11.0,21.0,0.0,0.0,0.0,0.0,36.0,19.0,12.0,9.0,0.0,18.0,0.0,10.0,0.0,0.0,9.0,36.0,6.0,6.0,5.0,0.0,22.0,53.0,28.0,17.0,0.0,6.0,0.0,11.0,0.0,18.0
2019-02-24,55.0,61.0,24.0,16.0,0.0,82.0,0.0,7.0,146.0,66.0,0.0,72.0,5.0,0.0,116.0,106.0,98.0,54.0,112.0,11.0,15.0,0.0,0.0,0.0,0.0,149.0,0.0,0.0,8.0,44.0,37.0,44.0,11.0,0.0,6.0,0.0,40.0,10.0,0.0,104.0,0.0,0.0,33.0,174.0,0.0,32.0,0.0,6.0,128.0,0.0,0.0,0.0,89.0,33.0,85.0,0.0,8.0,4.0,0.0,0.0,37.0,0.0,0.0,37.0,55.0,44.0,0.0,5.0,0.0,6.0,55.0,25.0,33.0,17.0,37.0,2.0,12.0,0.0,48.0
2019-03-03,25.0,0.0,0.0,29.0,0.0,132.0,0.0,14.0,19.0,21.0,54.0,90.0,12.0,0.0,10.0,36.0,90.0,6.0,71.0,45.0,0.0,10.0,0.0,0.0,0.0,75.0,0.0,0.0,13.0,37.0,18.0,5.0,15.0,185.0,0.0,0.0,231.0,0.0,0.0,116.0,0.0,20.0,0.0,0.0,26.0,16.0,0.0,19.0,7.0,0.0,16.0,0.0,91.0,52.0,75.0,41.0,36.0,0.0,0.0,0.0,40.0,0.0,74.0,70.0,163.0,561.0,5.0,0.0,0.0,0.0,48.0,54.0,17.0,0.0,31.0,6.0,9.0,0.0,39.0
2019-03-10,0.0,7.0,154.0,37.0,140.0,333.0,0.0,176.0,0.0,23.0,197.0,28.0,7.0,24.0,216.0,69.0,265.0,19.0,25.0,19.0,6.0,40.0,0.0,0.0,0.0,45.0,7.0,0.0,0.0,20.0,0.0,5.0,26.0,5.0,0.0,0.0,125.0,11.0,0.0,4.0,0.0,0.0,29.0,10.0,0.0,32.0,0.0,15.0,8.0,0.0,8.0,0.0,0.0,122.0,77.0,121.0,58.0,0.0,5.0,3.0,7.0,0.0,0.0,26.0,123.0,56.0,9.0,0.0,0.0,0.0,74.0,39.0,19.0,0.0,6.0,5.0,13.0,0.0,26.0
2019-03-17,12.0,107.0,70.0,0.0,233.0,683.0,0.0,16.0,203.0,18.0,6.0,70.0,18.0,9.0,0.0,18.0,215.0,0.0,96.0,158.0,0.0,8.0,0.0,0.0,0.0,70.0,0.0,0.0,0.0,45.0,26.0,17.0,129.0,6.0,5.0,0.0,116.0,4.0,0.0,13.0,19.0,0.0,0.0,0.0,0.0,46.0,22.0,12.0,28.0,5.0,0.0,0.0,0.0,25.0,58.0,261.0,26.0,0.0,0.0,0.0,7.0,0.0,389.0,7.0,275.0,451.0,277.0,21.0,0.0,8.0,436.0,556.0,18.0,0.0,19.0,0.0,25.0,0.0,24.0
2019-03-24,82.0,47.0,0.0,118.0,330.0,12.0,68.0,41.0,12.0,42.0,108.0,75.0,4.0,32.0,0.0,70.0,157.0,37.0,163.0,63.0,10.0,8.0,0.0,0.0,0.0,76.0,18.0,0.0,0.0,30.0,40.0,10.0,32.0,0.0,20.0,19.0,68.0,2.0,0.0,0.0,0.0,5.0,57.0,22.0,0.0,34.0,7.0,7.0,18.0,0.0,35.0,0.0,0.0,27.0,10.0,187.0,26.0,5.0,21.0,8.0,34.0,4.0,0.0,27.0,40.0,7.0,0.0,379.0,6.0,8.0,167.0,37.0,0.0,6.0,30.0,0.0,11.0,0.0,23.0
2019-03-31,110.0,0.0,0.0,106.0,0.0,196.0,6.0,20.0,0.0,30.0,277.0,93.0,4.0,4.0,8.0,16.0,39.0,15.0,31.0,140.0,17.0,0.0,0.0,0.0,0.0,52.0,40.0,0.0,0.0,33.0,5.0,18.0,71.0,7.0,4.0,12.0,71.0,9.0,0.0,0.0,134.0,0.0,0.0,33.0,0.0,152.0,7.0,0.0,142.0,0.0,0.0,0.0,30.0,44.0,47.0,141.0,16.0,25.0,22.0,0.0,23.0,0.0,5.0,46.0,54.0,15.0,0.0,0.0,5.0,5.0,0.0,17.0,10.0,0.0,27.0,20.0,3.0,0.0,0.0
2019-04-07,51.0,0.0,0.0,0.0,0.0,0.0,15.0,0.0,0.0,5.0,0.0,0.0,0.0,0.0,0.0,0.0,221.0,42.0,66.0,14.0,0.0,28.0,0.0,0.0,0.0,72.0,15.0,0.0,11.0,33.0,7.0,0.0,0.0,0.0,4.0,8.0,35.0,0.0,0.0,23.0,0.0,54.0,18.0,0.0,0.0,21.0,12.0,42.0,232.0,0.0,0.0,0.0,8.0,5.0,23.0,0.0,0.0,0.0,6.0,0.0,0.0,0.0,0.0,27.0,15.0,0.0,7.0,208.0,15.0,0.0,0.0,9.0,24.0,12.0,22.0,0.0,0.0,0.0,0.0
2019-04-14,24.0,101.0,0.0,0.0,513.0,41.0,20.0,0.0,890.0,0.0,6.0,5.0,0.0,0.0,0.0,102.0,195.0,21.0,197.0,45.0,0.0,74.0,0.0,0.0,0.0,69.0,18.0,0.0,17.0,15.0,6.0,8.0,5.0,2.0,30.0,6.0,100.0,7.0,0.0,3.0,0.0,0.0,29.0,0.0,0.0,18.0,18.0,35.0,40.0,0.0,0.0,0.0,0.0,5.0,0.0,0.0,0.0,0.0,0.0,0.0,18.0,0.0,0.0,13.0,124.0,4.0,15.0,0.0,52.0,326.0,124.0,74.0,41.0,4.0,24.0,0.0,0.0,0.0,0.0
2019-04-21,1350.0,77.0,27.0,27.0,0.0,14.0,17.0,16.0,189.0,44.0,0.0,13.0,10.0,0.0,0.0,44.0,106.0,24.0,40.0,42.0,0.0,53.0,0.0,0.0,5.0,14.0,32.0,0.0,0.0,54.0,48.0,18.0,0.0,0.0,44.0,20.0,59.0,0.0,0.0,0.0,44.0,0.0,0.0,5.0,0.0,118.0,8.0,8.0,33.0,0.0,0.0,0.0,0.0,38.0,11.0,16.0,0.0,0.0,0.0,5.0,12.0,0.0,0.0,15.0,150.0,34.0,0.0,0.0,28.0,9.0,9.0,145.0,29.0,0.0,28.0,0.0,0.0,0.0,6.0
2019-04-28,261.0,15.0,23.0,7.0,375.0,350.0,200.0,161.0,257.0,17.0,18.0,0.0,18.0,8.0,4.0,99.0,51.0,60.0,87.0,50.0,7.0,0.0,0.0,0.0,0.0,88.0,42.0,0.0,0.0,17.0,28.0,15.0,0.0,0.0,44.0,7.0,12.0,0.0,0.0,0.0,0.0,21.0,0.0,21.0,0.0,22.0,48.0,28.0,30.0,0.0,0.0,0.0,16.0,41.0,119.0,45.0,0.0,0.0,0.0,0.0,9.0,0.0,375.0,16.0,70.0,594.0,0.0,0.0,33.0,33.0,10.0,16.0,43.0,11.0,0.0,0.0,5.0,0.0,0.0
2019-05-05,15.0,0.0,13.0,0.0,0.0,0.0,103.0,3.0,236.0,23.0,6.0,46.0,25.0,7.0,0.0,39.0,47.0,0.0,103.0,150.0,0.0,63.0,0.0,9.0,0.0,71.0,13.0,0.0,0.0,7.0,15.0,145.0,4.0,0.0,5.0,0.0,6.0,0.0,0.0,0.0,29.0,0.0,22.0,8.0,0.0,62.0,2.0,20.0,90.0,0.0,0.0,0.0,0.0,44.0,34.0,35.0,0.0,0.0,6.0,0.0,11.0,0.0,91.0,21.0,106.0,4.0,5.0,0.0,30.0,6.0,8.0,8.0,11.0,6.0,0.0,0.0,0.0,0.0,0.0
2019-05-12,62.0,8.0,0.0,0.0,166.0,15.0,0.0,152.0,105.0,41.0,63.0,27.0,0.0,20.0,5.0,183.0,39.0,112.0,74.0,43.0,6.0,68.0,0.0,0.0,1500.0,62.0,6.0,0.0,0.0,29.0,0.0,26.0,131.0,7.0,12.0,0.0,28.0,6.0,0.0,0.0,26.0,68.0,0.0,11.0,21.0,0.0,0.0,25.0,26.0,0.0,17.0,0.0,0.0,182.0,34.0,0.0,10.0,0.0,0.0,0.0,0.0,0.0,5.0,15.0,167.0,10.0,0.0,0.0,23.0,6.0,41.0,237.0,12.0,18.0,0.0,0.0,10.0,0.0,0.0
2019-05-19,44.0,0.0,27.0,135.0,0.0,244.0,0.0,27.0,145.0,39.0,11.0,109.0,21.0,48.0,9.0,68.0,56.0,17.0,107.0,42.0,28.0,5.0,0.0,0.0,0.0,47.0,0.0,0.0,0.0,7.0,0.0,0.0,532.0,13.0,15.0,0.0,62.0,0.0,0.0,0.0,0.0,0.0,18.0,35.0,0.0,5.0,0.0,0.0,78.0,0.0,0.0,3.0,7.0,86.0,94.0,0.0,7.0,0.0,23.0,4.0,19.0,0.0,340.0,39.0,153.0,101.0,5.0,6.0,40.0,21.0,18.0,56.0,7.0,5.0,0.0,10.0,9.0,0.0,10.0
2019-05-26,192.0,0.0,0.0,0.0,20.0,18.0,8.0,138.0,19.0,16.0,69.0,223.0,0.0,5.0,3.0,50.0,188.0,0.0,224.0,45.0,0.0,5.0,6.0,0.0,0.0,47.0,5.0,0.0,0.0,44.0,0.0,0.0,7.0,5.0,16.0,22.0,26.0,10.0,0.0,0.0,0.0,0.0,27.0,6.0,0.0,0.0,0.0,24.0,90.0,6.0,0.0,0.0,5.0,75.0,45.0,0.0,5.0,11.0,11.0,0.0,17.0,5.0,175.0,21.0,59.0,356.0,0.0,0.0,43.0,5.0,0.0,0.0,0.0,0.0,5.0,0.0,19.0,0.0,39.0
2019-06-02,6.0,0.0,0.0,0.0,0.0,57.0,0.0,31.0,249.0,30.0,108.0,27.0,0.0,7.0,0.0,89.0,71.0,34.0,130.0,54.0,0.0,5.0,0.0,0.0,0.0,93.0,0.0,0.0,0.0,45.0,0.0,14.0,0.0,9.0,15.0,15.0,47.0,5.0,0.0,0.0,65.0,0.0,101.0,0.0,0.0,0.0,8.0,0.0,97.0,0.0,0.0,0.0,3.0,0.0,6.0,0.0,0.0,0.0,16.0,0.0,44.0,0.0,50.0,23.0,50.0,77.0,0.0,0.0,11.0,0.0,0.0,9.0,10.0,0.0,6.0,0.0,0.0,0.0,0.0
2019-06-09,0.0,0.0,0.0,0.0,575.0,0.0,0.0,59.0,359.0,20.0,24.0,5.0,0.0,0.0,0.0,6.0,64.0,30.0,97.0,10.0,0.0,5.0,0.0,0.0,0.0,84.0,0.0,0.0,0.0,22.0,0.0,13.0,5.0,0.0,0.0,11.0,148.0,0.0,0.0,12.0,0.0,0.0,0.0,4.0,0.0,12.0,0.0,5.0,40.0,0.0,0.0,0.0,0.0,0.0,11.0,0.0,0.0,0.0,0.0,0.0,0.0,6.0,0.0,27.0,34.0,6.0,0.0,0.0,0.0,0.0,7.0,0.0,0.0,0.0,7.0,0.0,0.0,0.0,0.0
2019-06-16,0.0,124.0,0.0,0.0,581.0,38.0,160.0,37.0,1098.0,9.0,212.0,29.0,0.0,19.0,0.0,95.0,78.0,45.0,66.0,117.0,0.0,0.0,0.0,0.0,0.0,78.0,0.0,200.0,0.0,22.0,0.0,8.0,5.0,5.0,16.0,0.0,10.0,0.0,0.0,0.0,0.0,0.0,0.0,11.0,4.0,0.0,0.0,4.0,58.0,0.0,0.0,0.0,0.0,20.0,46.0,0.0,0.0,0.0,0.0,0.0,5.0,4.0,102.0,48.0,133.0,38.0,0.0,0.0,0.0,24.0,4.0,0.0,4.0,0.0,6.0,8.0,0.0,0.0,63.0
2019-06-23,99.0,85.0,0.0,0.0,150.0,33.0,65.0,52.0,0.0,24.0,73.0,68.0,0.0,3.0,35.0,41.0,77.0,0.0,130.0,107.0,0.0,0.0,0.0,0.0,0.0,78.0,0.0,0.0,0.0,37.0,0.0,10.0,11.0,0.0,27.0,15.0,49.0,0.0,0.0,630.0,5.0,0.0,0.0,7.0,0.0,0.0,6.0,63.0,24.0,0.0,0.0,0.0,0.0,14.0,64.0,0.0,0.0,0.0,0.0,0.0,5.0,6.0,88.0,18.0,132.0,63.0,0.0,0.0,5.0,14.0,6.0,5.0,16.0,0.0,9.0,5.0,0.0,0.0,22.0
2019-06-30,33.0,73.0,275.0,0.0,0.0,15.0,32.0,17.0,0.0,13.0,54.0,73.0,0.0,9.0,0.0,12.0,56.0,14.0,288.0,113.0,0.0,0.0,0.0,0.0,0.0,136.0,0.0,0.0,0.0,32.0,0.0,15.0,0.0,6.0,38.0,31.0,14.0,5.0,0.0,6.0,0.0,0.0,0.0,3.0,0.0,0.0,0.0,19.0,56.0,0.0,0.0,0.0,0.0,38.0,23.0,0.0,0.0,0.0,8.0,0.0,4.0,0.0,132.0,15.0,94.0,70.0,8.0,0.0,0.0,7.0,0.0,0.0,37.0,0.0,18.0,0.0,22.0,100.0,9.0
2019-07-07,0.0,31.0,0.0,29.0,0.0,0.0,0.0,0.0,13.0,11.0,77.0,41.0,0.0,0.0,0.0,22.0,225.0,8.0,340.0,48.0,0.0,9.0,0.0,0.0,0.0,341.0,0.0,0.0,0.0,74.0,0.0,164.0,126.0,6.0,13.0,38.0,47.0,11.0,0.0,0.0,0.0,0.0,0.0,120.0,0.0,0.0,7.0,15.0,79.0,0.0,0.0,0.0,0.0,10.0,47.0,0.0,0.0,0.0,0.0,0.0,6.0,6.0,230.0,0.0,15.0,168.0,0.0,0.0,0.0,2.0,0.0,0.0,26.0,0.0,3.0,6.0,14.0,7.0,6.0
2019-07-14,186.0,38.0,0.0,22.0,0.0,259.0,34.0,125.0,10.0,15.0,85.0,138.0,0.0,20.0,0.0,38.0,2129.0,14.0,304.0,32.0,44.0,0.0,4.0,0.0,0.0,112.0,0.0,0.0,0.0,29.0,17.0,44.0,0.0,19.0,16.0,21.0,65.0,0.0,0.0,0.0,0.0,0.0,63.0,0.0,0.0,0.0,0.0,0.0,54.0,0.0,5.0,0.0,0.0,66.0,47.0,0.0,0.0,0.0,5.0,0.0,11.0,0.0,43.0,32.0,385.0,29.0,0.0,0.0,18.0,30.0,20.0,27.0,20.0,0.0,11.0,0.0,0.0,0.0,0.0
2019-07-21,27.0,113.0,68.0,0.0,143.0,3.0,0.0,0.0,153.0,21.0,95.0,66.0,0.0,28.0,3.0,20.0,2980.0,39.0,932.0,960.0,4.0,0.0,0.0,0.0,0.0,134.0,0.0,0.0,0.0,68.0,0.0,30.0,149.0,5.0,9.0,22.0,37.0,0.0,0.0,0.0,131.0,108.0,0.0,4.0,0.0,12.0,0.0,38.0,58.0,0.0,4.0,0.0,10.0,17.0,25.0,0.0,0.0,0.0,28.0,0.0,45.0,12.0,235.0,38.0,364.0,22.0,0.0,0.0,0.0,43.0,27.0,18.0,7.0,0.0,0.0,0.0,0.0,0.0,20.0
2019-07-28,18.0,233.0,187.0,0.0,817.0,57.0,0.0,340.0,529.0,29.0,65.0,107.0,4.0,52.0,17.0,17.0,2347.0,265.0,87.0,510.0,0.0,5.0,0.0,0.0,0.0,89.0,0.0,0.0,0.0,67.0,0.0,15.0,132.0,0.0,17.0,12.0,50.0,0.0,0.0,0.0,9.0,0.0,0.0,0.0,0.0,11.0,0.0,6.0,80.0,0.0,0.0,0.0,9.0,55.0,32.0,17.0,0.0,0.0,112.0,0.0,33.0,0.0,269.0,6.0,126.0,8.0,0.0,0.0,0.0,7.0,0.0,0.0,8.0,11.0,9.0,6.0,6.0,0.0,74.0
2019-08-04,0.0,163.0,0.0,129.0,171.0,36.0,20.0,138.0,49.0,31.0,57.0,121.0,0.0,55.0,0.0,60.0,3131.0,127.0,762.0,961.0,6.0,0.0,0.0,0.0,6.0,53.0,0.0,0.0,0.0,49.0,0.0,10.0,352.0,0.0,41.0,37.0,61.0,5.0,0.0,13.0,64.0,0.0,1.0,0.0,0.0,3.0,41.0,5.0,59.0,0.0,0.0,0.0,0.0,33.0,48.0,47.0,0.0,0.0,7.0,4.0,81.0,0.0,155.0,0.0,111.0,0.0,0.0,0.0,7.0,0.0,0.0,5.0,14.0,19.0,11.0,0.0,8.0,0.0,7.0
2019-08-11,0.0,54.0,0.0,37.0,0.0,0.0,108.0,0.0,0.0,0.0,0.0,0.0,0.0,0.0,0.0,0.0,997.0,252.0,469.0,326.0,0.0,0.0,22.0,0.0,0.0,16.0,0.0,0.0,0.0,21.0,0.0,0.0,0.0,0.0,3.0,11.0,19.0,0.0,0.0,0.0,0.0,0.0,0.0,0.0,0.0,0.0,0.0,0.0,0.0,0.0,0.0,0.0,0.0,12.0,0.0,0.0,0.0,0.0,7.0,0.0,5.0,0.0,0.0,7.0,22.0,0.0,0.0,0.0,0.0,6.0,0.0,0.0,4.0,0.0,0.0,0.0,0.0,5.0,0.0
